timestamp,temperature,humidity,pressure,co2,pm25
2026-01-01T00:00:00,26.89913676929545,67.73488338390061,1011.7773682768646,438.4238047011864,27.304065233598877
2026-01-01T01:00:00,26.98712879037141,68.6749336558383,1011.4653250430057,433.8669719178207,28.935992705890232
2026-01-01T02:00:00,29.162608415834704,68.59703064053053,1013.3132730135974,443.826086129326,25.464635038992093
2026-01-01T03:00:00,29.11816346750479,66.79815361641856,1014.622161654408,448.17755189650427,26.733414356409856
2026-01-01T04:00:00,30.836344969418363,62.02383342844796,1011.3754453657109,457.5349854857333,27.310300941431358
2026-01-01T05:00:00,30.69526253429768,65.79698968993767,1012.4964268986569,463.5360673616704,22.00500392596368
2026-01-01T06:00:00,31.397775481309772,61.45273883150191,1006.7601091555623,447.71731126160597,19.75367699666736
2026-01-01T07:00:00,31.47691187529576,65.74700229898917,1009.5618505174086,464.3164827374027,22.414090312323022
2026-01-01T08:00:00,30.403730922702355,64.68921570592505,1012.2288397149218,461.47427083313613,28.236106157317312
2026-01-01T09:00:00,30.07334669605464,66.8412188387689,1012.9569840753003,440.1538439470285,24.319368811871918
2026-01-01T10:00:00,28.67102220810479,67.66183503446973,1011.4997688580053,470.52905066976655,24.48611435538284
2026-01-01T11:00:00,27.266063960478572,69.32409586255653,1014.843699962687,442.5387884176341,32.27013648766027
2026-01-01T12:00:00,27.998441484209515,67.01319186059979,1009.154082133722,423.61508142017544,31.12081733168616
2026-01-01T13:00:00,24.954148935335116,69.70374349330643,1012.5064747186841,419.74241789467294,32.087148390786886
2026-01-01T14:00:00,25.406545819068597,73.91758037854659,1013.2399355355462,410.18715849628325,29.89511589564649
2026-01-01T15:00:00,23.589466104384407,72.63297423612411,1010.8663343303726,411.4792011859292,34.24029244244558
2026-01-01T16:00:00,23.029474291406263,70.58910463963956,1008.3174274687922,395.3596214769245,27.54142759898029
2026-01-01T17:00:00,23.427329386805397,73.24512303544228,1011.9630663736726,408.98822569317093,32.343463598998525
2026-01-01T18:00:00,23.759318779417523,72.3792553739424,1012.5473866308151,392.86866835865624,34.67902001913806
2026-01-01T19:00:00,23.40302968441275,73.33145935189823,1011.9401868146376,429.2890654365794,30.296516185041472
2026-01-01T20:00:00,24.651040674846378,70.10940540533737,1010.967461981509,394.8079904318803,28.872461577580815
2026-01-01T21:00:00,25.16789759357084,71.09843091837278,1013.377767728532,383.81185959324193,33.012758461141104
2026-01-01T22:00:00,25.38909668764389,68.18887008107423,1010.7452312676392,417.47227457823703,35.031714109346886
2026-01-01T23:00:00,25.226153329994286,68.563467266532,1014.7235695007012,418.175714279304,26.937421183128638
2026-01-02T00:00:00,27.068443443102073,65.46266649224694,1012.4398908603,415.4845888363164,29.764659786005435
2026-01-02T01:00:00,28.037502756340675,71.73686072862296,1012.561681027062,452.858750012756,25.402746623166614
2026-01-02T02:00:00,28.914502459534695,67.11468934040046,1015.4914418367421,422.32900874374843,31.342761257515612
2026-01-02T03:00:00,30.242374934417334,68.4731924439424,1013.4247710361575,448.30252375091106,26.24463610908704
2026-01-02T04:00:00,29.59037581264785,66.31854487968766,1011.6166064620094,475.89384315156667,24.378882103841974
2026-01-02T05:00:00,31.087977596799853,61.591615083208666,1011.2090748433476,457.28192021831984,26.809970608324086
2026-01-02T06:00:00,32.01367118077967,63.900766702717725,1009.7655102418782,460.49420479389846,27.19848508555758
2026-01-02T07:00:00,31.207864145143063,63.23313328553608,1014.2667687951738,455.2028965880809,27.462491786739196
2026-01-02T08:00:00,31.355952883203866,65.7337823345686,1012.5730320559635,477.4841779158172,27.388459798086622
2026-01-02T09:00:00,29.621252161805735,66.12693234572147,1014.9655373368743,449.10221937230534,28.766363262561878
2026-01-02T10:00:00,29.837012008232513,64.70467317296033,1008.5468604614927,446.09307782659727,26.612210399168106
2026-01-02T11:00:00,27.609669055417513,69.25443751775083,1013.2151347539691,424.53056706837003,30.950980038510394
2026-01-02T12:00:00,26.862726528768196,65.14376823657089,1012.9059004661319,429.4574244798473,23.019506168840152
2026-01-02T13:00:00,26.33078573041764,69.51155796005065,1010.8449256321114,428.3337501588531,33.118350316805234
2026-01-02T14:00:00,24.50113335502001,70.76087337078718,1012.0055115009626,444.6921237278106,22.483399476438276
2026-01-02T15:00:00,24.658271627238335,69.2608926586469,1011.7996049023403,435.1413981869356,28.84833225600965
2026-01-02T16:00:00,25.104558977505143,68.63205688716879,1012.7010240826962,402.45919488529034,25.679687770546614
2026-01-02T17:00:00,23.1800348833598,70.49082904261395,1012.4049831679729,380.59151993008334,37.753451084268164
2026-01-02T18:00:00,22.883102163853106,74.7793292813855,1009.985775747787,408.5104284566912,45.40529890287739
2026-01-02T19:00:00,22.527486266669325,68.58741144044801,1010.9069809293267,411.52171547064455,31.18454816855879
2026-01-02T20:00:00,24.439155066477245,69.53465115003158,1008.7954984809994,403.12900725168805,34.03514658422913
2026-01-02T21:00:00,24.497536732473712,66.08809304327103,1011.9298969766237,429.10034756620183,35.16785767809146
2026-01-02T22:00:00,25.393180647149343,69.90406010787953,1009.5195886640286,407.3810855123899,29.520505505540335
2026-01-02T23:00:00,26.316962238159384,69.70679859171202,1011.0435828897317,409.7062171313548,26.083631649798757
2026-01-03T00:00:00,26.190117924018168,69.93472402631346,1007.3754377879087,426.0006636926861,31.15382014682427
2026-01-03T01:00:00,29.10068508767554,66.46205127996151,1014.0025678790282,431.6824272661899,23.945819949844697
2026-01-03T02:00:00,28.527924873093774,69.83233166532865,1013.9884422877955,448.3487751175514,42.60370761997714
2026-01-03T03:00:00,29.805788163977887,66.9960687708753,1012.615183105117,445.01504124817376,36.56193353069878
2026-01-03T04:00:00,31.518724977263734,61.5860607489479,1011.2003073554296,456.79067355503037,26.642975384431722
2026-01-03T05:00:00,29.91979035628691,61.15304454092687,1008.1872660624764,453.29480809713203,22.7943184624901
2026-01-03T06:00:00,31.24165356328016,63.067327593617755,1009.5515246481879,430.7234593090478,25.863878750522176
2026-01-03T07:00:00,31.122741076097718,66.68779447983324,1013.5815913759585,451.85955868598336,32.47849998689721
2026-01-03T08:00:00,30.368644777069168,63.98341140570852,1010.9588431133928,444.63289535814624,16.525441105994602
2026-01-03T09:00:00,29.937855361836228,66.14948689405534,1011.2754683782358,439.1115718886267,28.191856123259846
2026-01-03T10:00:00,30.201809411283385,65.51506277598325,1010.9847327855806,435.4026335709248,25.98151819060763
2026-01-03T11:00:00,27.149940280681072,67.62952639905897,1012.1223645286735,458.6066203807573,31.51456353579478
2026-01-03T12:00:00,27.723820464954915,65.9950465458376,1013.3398430864725,416.327410305401,27.844375368849796
2026-01-03T13:00:00,26.257839901883116,67.06090924636904,1015.998759610323,430.33800782544495,19.731723260880287
2026-01-03T14:00:00,25.387001920617067,68.47557482572633,1012.0027524316326,423.0891774909702,29.895033047254596
2026-01-03T15:00:00,22.74416693512958,69.08802696466917,1013.5452483171492,427.93678146108783,36.37423042191842
2026-01-03T16:00:00,24.79811615191942,65.6504338692035,1013.5389642418729,385.3538824920078,32.80970662261043
2026-01-03T17:00:00,23.31364127681916,68.6667494025906,1016.0198018941823,413.5795047862638,20.902129026007525
2026-01-03T18:00:00,23.205427682222435,69.57337803889129,1012.2225909599405,399.41766462533565,34.59534017229852
2026-01-03T19:00:00,22.139996223115222,72.52281335803066,1015.6283766811999,395.92833075513,32.00856405485434
2026-01-03T20:00:00,23.6772995335273,69.27875599542098,1013.2957872455305,409.5139682871078,25.120059177662192
2026-01-03T21:00:00,25.404984148683003,70.8592426742332,1011.665786109955,404.68223326101474,26.864019383121136
2026-01-03T22:00:00,25.861658680792388,68.617716586285,1012.9188764077295,415.28651958928475,30.898039489668932
2026-01-03T23:00:00,25.883538428501794,70.42087700215271,1011.633578180357,433.48457143785924,32.38415033890544
2026-01-04T00:00:00,26.918373139537174,66.34574700751709,1010.1197600189124,421.1111581583108,22.904072332122723
2026-01-04T01:00:00,28.641333675287918,66.59372843474887,1015.140201955145,463.8224340600247,27.112499788613153
2026-01-04T02:00:00,27.91638795835964,66.50398257023173,1011.8493031661671,424.6386918581664,25.950814689950004
2026-01-04T03:00:00,30.02928954114551,64.65771267468884,1010.4631481541743,438.57258841490994,32.807133793719835
2026-01-04T04:00:00,30.35234935892937,63.65826028348938,1011.2542032186097,463.1027595911554,22.22203002227234
2026-01-04T05:00:00,31.200996421688554,66.09497276044856,1013.4982356644019,470.9444817115865,24.464553013768356
2026-01-04T06:00:00,31.7929130035274,62.57996239755534,1011.2069202460016,469.35304607672435,27.495475290733445
2026-01-04T07:00:00,30.86517159057516,62.525035075480126,1013.1233196541866,446.5836732634279,20.471985239996435
2026-01-04T08:00:00,30.010407637037734,66.0846619701707,1007.7579357891369,455.97979293315484,27.354901857959263
2026-01-04T09:00:00,29.419258643040287,68.13844767246847,1013.2228808473856,440.4022597840819,25.416846883644236
2026-01-04T10:00:00,29.48660603282335,62.97856805490917,1011.3347551404918,434.9274416703039,24.764507577052267
2026-01-04T11:00:00,28.18306474608362,67.12712403306166,1014.2696961524389,439.2072325431471,26.129017818274292
2026-01-04T12:00:00,26.15240156470969,70.12177834194772,1013.0562930917034,447.409714538761,26.49542550555617
2026-01-04T13:00:00,25.983216447649898,68.6960414466922,1011.8247782815008,423.65420640836237,21.629071051558693
2026-01-04T14:00:00,25.577489873817957,70.44441984360958,1014.2609468017176,444.4948923979322,28.43522511598363
2026-01-04T15:00:00,24.146272651751893,70.30254900884518,1015.8843709014169,391.5476937975171,31.554856187021215
2026-01-04T16:00:00,22.50631642764834,66.43180529363495,1007.9583344170242,391.7681422368886,31.178365463227273
2026-01-04T17:00:00,22.528444405767686,71.12232915682301,1009.6729744796402,413.1832600814703,25.777784311772855
2026-01-04T18:00:00,23.922356523203614,68.47590395290254,1010.4703451240428,406.47289254482916,28.43197765034323
2026-01-04T19:00:00,24.133579756970747,70.53395077060974,1009.5843314232783,399.12783105361746,27.48262976595548
2026-01-04T20:00:00,24.043427939654116,71.13284366590113,1011.7612179539757,418.78465154542965,28.079004897417718
2026-01-04T21:00:00,24.076209251435337,70.7005534075183,1015.0563625655295,411.1399323064532,28.48719175000387
2026-01-04T22:00:00,24.267914073601396,71.55777310775181,1010.824709251506,421.6242202144148,22.884001613867422
2026-01-04T23:00:00,26.694954690760422,65.58016071141445,1010.4453152728491,436.23249749066866,20.96822955409257
2026-01-05T00:00:00,26.944381475238735,68.19300698197,1010.0028863733343,446.1151960185997,34.13021809667667
2026-01-05T01:00:00,26.65514392789362,65.3779042628881,1013.616464404986,420.83418650315525,24.609983569753577
2026-01-05T02:00:00,29.090686461833684,67.71115099515977,1011.5534948111774,443.64265103762443,24.69087402720992
2026-01-05T03:00:00,30.733080243649916,64.0229080912765,1012.679465775152,441.53801249066487,25.64132962683129
2026-01-05T04:00:00,30.34638744205778,64.99796170322357,1009.972438283579,461.2075886254674,31.55474285920954
2026-01-05T05:00:00,31.033906973601876,66.23754496861393,1013.6761357614372,465.28397502911486,27.97970848346622
2026-01-05T06:00:00,31.14858009598768,66.40915046725144,1012.1376646512056,443.3129792748206,26.98179874489973
2026-01-05T07:00:00,29.541812531078666,65.95474949762688,1012.826744672595,468.9799149729941,27.173433757927185
2026-01-05T08:00:00,31.113799489964837,64.70788537964532,1009.9530473079063,434.7140784819794,21.816582253202604
2026-01-05T09:00:00,28.87212372169343,67.76971664368378,1011.5847706286035,454.5214482098475,28.13252736990458
2026-01-05T10:00:00,29.730834681305495,67.93571783673328,1010.7093239844457,439.20820846865877,25.823688138614823
2026-01-05T11:00:00,26.900357727391423,69.4301481088886,1014.3775895763872,436.39333543227264,27.028334802426016
2026-01-05T12:00:00,27.76363352022269,62.69916860579086,1012.3549503918707,431.71940768920354,22.005989805951714
2026-01-05T13:00:00,26.93882599112148,69.9904100452118,1011.4776855046041,422.48917199181494,27.84119117745344
2026-01-05T14:00:00,24.64151606394199,67.27038729511868,1014.7598969073928,429.83600180348844,30.68193643114089
2026-01-05T15:00:00,23.405537731410558,75.03726014413822,1015.9603305311146,414.5790164983518,29.309199492336845
2026-01-05T16:00:00,22.929397326381327,72.09357940107192,1010.1739717194448,407.9388342943084,35.2200844198974
2026-01-05T17:00:00,22.081520074265534,75.94624133177902,1015.1334168179925,391.0068241471238,27.90780375525715
2026-01-05T18:00:00,22.801604702508374,69.29642983739258,1011.472558346179,374.0257684150989,27.99269266536689
2026-01-05T19:00:00,24.398296224948897,67.84817361856562,1011.4538623263412,387.9765439314827,30.44667163396382
2026-01-05T20:00:00,23.378174952389237,74.77892615740707,1012.4136788868788,403.883205286525,34.946338293208086
2026-01-05T21:00:00,23.817213303822143,67.86761300130378,1012.6038955395773,410.22390489183425,28.572589302268096
2026-01-05T22:00:00,25.262820132792044,68.36910455057746,1012.8431527449849,438.35235887771853,23.82717506650356
2026-01-05T23:00:00,27.180921674653792,67.36965615829773,1010.4667467083013,452.6561707262585,28.178845843309404
2026-01-06T00:00:00,27.95928210321383,68.86776279926467,1008.6388103499205,431.4498351838302,26.506154920802615
2026-01-06T01:00:00,27.09602136391295,64.37976017623009,1012.2045804874477,443.55351225715185,27.028504864305848
2026-01-06T02:00:00,28.78592001138719,64.97423003167391,1010.0262776367658,435.8380728664866,21.749740209688806
2026-01-06T03:00:00,29.686134868836284,65.80531793699349,1010.2080236701121,444.89306791650347,23.42244240194184
2026-01-06T04:00:00,30.46097093146132,66.24539867074041,1012.3562504678976,457.31644558850326,20.1637207590868
2026-01-06T05:00:00,30.59861575615132,65.67458614854051,1013.2823249191827,434.9721053043454,27.008923319250382
2026-01-06T06:00:00,31.844494453972143,63.767183045197925,1011.8104837770466,460.40548258431215,26.025500867468363
2026-01-06T07:00:00,31.335949450337257,64.67606816790001,1012.3049921407054,444.7588124115343,24.991496272081605
2026-01-06T08:00:00,31.341287041225808,64.11863085570076,1011.6628714410374,445.7525946315768,28.43178512875339
2026-01-06T09:00:00,29.230151770382243,68.0368829737983,1010.1260532114791,434.98429602794425,28.849575930035247
2026-01-06T10:00:00,29.091125628721265,66.9222141030508,1014.1250742417787,437.55004841759626,29.017524243711357
2026-01-06T11:00:00,27.398404094665647,70.19961478366523,1013.26491733284,442.90870131180185,30.291244313804803
2026-01-06T12:00:00,26.450080389102656,67.7851925653831,1013.0035589236501,429.76979056556627,28.344613445654534
2026-01-06T13:00:00,25.01285016482872,69.95190782788951,1010.6161452197182,410.5294852274097,28.74759392144447
2026-01-06T14:00:00,23.70044702317117,72.03678236227525,1013.7040257953824,416.8587668090394,26.850618955385055
2026-01-06T15:00:00,23.509814700964082,70.48990213229226,1007.1525325376609,414.48805186722865,32.40065958852488
2026-01-06T16:00:00,23.317571990901143,69.9571376684599,1012.3639345171373,412.5570937098678,33.74660337538552
2026-01-06T17:00:00,23.14917437029293,69.70114520069797,1011.0774699080553,408.03520324509435,35.4156031404763
2026-01-06T18:00:00,22.775808686648613,69.27429973187844,1010.2597867597347,379.8439847253222,30.211185803039076
2026-01-06T19:00:00,22.183369692346186,69.3862851908979,1008.0479707716906,392.43599378777697,31.244057541379796
2026-01-06T20:00:00,22.617950503224577,68.00635492394828,1012.3565262679398,404.25530943815687,29.733208500844913
2026-01-06T21:00:00,24.689964738689294,69.83103034798233,1009.4044783472364,410.8367309356115,31.28275916418755
2026-01-06T22:00:00,24.59190773005716,67.05155132052847,1014.2052241217509,412.517028281786,25.699165874710815
2026-01-06T23:00:00,25.975897388801755,70.88022680397711,1012.5272395039133,419.5308120361524,32.744692143846954
2026-01-07T00:00:00,28.50291714496529,69.5732388002388,1013.345742841356,416.53263424171524,44.10950213242848
2026-01-07T01:00:00,27.196216197339737,67.09942123508998,1010.6002216115429,455.9931784658397,29.050555166466197
2026-01-07T02:00:00,28.00101252600249,67.73436433372046,1013.0938113356979,438.67820371729545,22.93329587634619
2026-01-07T03:00:00,29.320903732173132,65.2695789760127,1012.04546305788,441.4387501333028,29.02958690018669
2026-01-07T04:00:00,29.799138366500763,62.29791556978111,1010.5212131122615,467.83732285118833,21.71591567024403
2026-01-07T05:00:00,32.50226952661013,64.58115284748162,1009.6711478715114,444.1367112958288,26.580296878812387
2026-01-07T06:00:00,30.175649254400653,70.20863790254268,1010.0182184382136,463.1713214714082,35.386566092820445
2026-01-07T07:00:00,30.787263020253004,62.97846733303457,1011.4538673154508,458.49474242683556,27.98793550457029
2026-01-07T08:00:00,30.50380347033513,62.39651237177019,1012.0846478132194,443.57033703598097,15.3446153105375
2026-01-07T09:00:00,29.340134993031544,63.26299065599892,1013.173708814537,471.00764657815665,32.11910808624083
2026-01-07T10:00:00,28.598753878885844,65.78620815644479,1013.3775639986477,455.2354273448744,24.775391363272604
2026-01-07T11:00:00,27.93543102361998,71.6655138794098,1011.7850969622256,430.64661882006925,31.045515651086685
2026-01-07T12:00:00,27.4057916534909,65.63208296277011,1011.5031943886596,416.0036725753782,25.229403859936777
2026-01-07T13:00:00,27.27857098973599,69.260587565547,1011.8149134985626,412.33217956540057,27.63677945796625
2026-01-07T14:00:00,25.735513329421643,67.88821571586135,1014.9008413150402,401.016363736858,26.76156582796212
2026-01-07T15:00:00,25.391507908552768,65.27111613505043,1014.3768263146997,390.1058055746512,25.729461906271343
2026-01-07T16:00:00,23.41512406797449,72.51648772704391,1005.6909137077512,385.3356471511735,28.89747623439561
2026-01-07T17:00:00,23.162123223036918,69.28386771265224,1011.5582660468937,391.61777634104686,27.29361552976941
2026-01-07T18:00:00,22.40726369591687,72.16223164529399,1013.1628397004854,422.1951607536846,28.287887970840735
2026-01-07T19:00:00,22.913702418567098,71.36452892003106,1011.4101614658184,405.2279677775512,24.10645532790887
2026-01-07T20:00:00,23.79612676136137,68.73271547030842,1010.0860768640068,389.29185045856326,33.1569073518615
2026-01-07T21:00:00,24.073146504345765,72.64046676128339,1012.5446033636963,391.8819993547853,26.913541009318912
2026-01-07T22:00:00,25.530552381758426,67.64419266621118,1009.8193119022501,415.34745046073255,27.043066215322792
2026-01-07T23:00:00,25.256416640224607,68.74257617659339,1011.0430146533274,392.4496482229298,30.53045743142764
2026-01-08T00:00:00,26.4320375235526,71.06324883067508,1009.6997515294811,411.0448194433437,34.89476995741927
2026-01-08T01:00:00,26.925737599352647,66.78706138175954,1013.1946734369718,432.5147229269052,20.52905509159474
2026-01-08T02:00:00,29.131624664228145,65.90605444627501,1014.5677101281354,449.56377484812396,38.67709530483873
2026-01-08T03:00:00,28.67630129956056,66.61560945376198,1009.8666910179325,461.53467553964776,30.318278528647323
2026-01-08T04:00:00,30.991928093723498,63.25179361185043,1010.5096968492329,427.29447644264894,31.51425609593074
2026-01-08T05:00:00,31.219456811163703,64.10271465002987,1013.867030687078,463.159132096839,29.172957033970796
2026-01-08T06:00:00,29.863523788789447,64.28150908297496,1012.390883962135,459.2650537425208,29.225995811879876
2026-01-08T07:00:00,30.1576584199781,65.72829153557306,1016.4107075839531,462.45120938855615,29.892055611331
2026-01-08T08:00:00,30.450670525950876,66.77471760527824,1015.6079795733955,452.93033894178296,32.03821594300413
2026-01-08T09:00:00,29.215829559914187,67.40753388533031,1013.8084333503939,438.6536289785654,31.977770513926796
2026-01-08T10:00:00,28.527327382776843,65.16765957869887,1011.9976152977897,465.6838769157189,27.253973517380427
2026-01-08T11:00:00,28.69032552784821,65.18414413510123,1012.1549949114856,422.35179968771797,23.744475401214387
2026-01-08T12:00:00,27.584948468154543,67.45524661365418,1014.902592684288,427.5710027054718,26.826928919668152
2026-01-08T13:00:00,26.858400903003396,66.81604626637093,1008.9604707883196,439.1448469218995,28.827983890231188
2026-01-08T14:00:00,23.48436353669525,70.90156781338219,1011.1924260016334,438.43807592143133,27.115131816494028
2026-01-08T15:00:00,23.76503523624733,68.76717016405507,1009.8918878266801,403.91637942208064,22.793321216894025
2026-01-08T16:00:00,22.814060217971768,68.13558135232707,1009.0054425617665,389.6332645301798,26.010271209586392
2026-01-08T17:00:00,22.657714712932304,69.02088743437066,1012.956541750039,405.27494376393815,26.986717394024314
2026-01-08T18:00:00,22.675218704657926,74.64558415946534,1012.479628215755,410.704539923936,22.307749136120194
2026-01-08T19:00:00,22.678682552260554,67.1150403901798,1011.147591345635,410.3315760988883,24.683337204736127
2026-01-08T20:00:00,23.898924566031898,68.43536039706375,1013.1516062950951,389.7060529377836,27.25799927271145
2026-01-08T21:00:00,24.4654379138705,71.09949124533847,1011.7454732742179,435.5989017059029,28.511964523808103
2026-01-08T22:00:00,24.68430298027147,64.33354268446023,1015.5378676489,413.0720205058956,20.729417896254414
2026-01-08T23:00:00,26.889356932528756,70.55952670092833,1012.2166512491322,406.31046504889224,31.467572894363688
2026-01-09T00:00:00,26.56502560808991,66.00643592279955,1014.086744734287,404.40889496336547,28.87315817542792
2026-01-09T01:00:00,28.356824748009196,71.016561807838,1012.6503476636599,411.7692982335982,26.76710931520369
2026-01-09T02:00:00,29.045266844913915,67.07491381128844,1013.9616321526875,418.9838908550513,26.032640919101667
2026-01-09T03:00:00,30.507329787017966,68.28207576147055,1015.7220476466252,442.99503940128983,32.58787405945507
2026-01-09T04:00:00,31.662300254823908,66.6662988429265,1013.447370524064,461.58419822831917,23.906871943642074
2026-01-09T05:00:00,29.85062846544616,67.68519308492311,1011.3058663832344,453.81054268860584,25.464754951788677
2026-01-09T06:00:00,30.724965210705225,65.4855266208076,1009.9562812516167,455.8220001430013,27.224088135481633
2026-01-09T07:00:00,30.809554510604162,63.465096776207865,1013.5732397070367,476.6197892251463,22.420595904119807
2026-01-09T08:00:00,31.328225610577334,66.31594763009699,1006.6934965638986,442.51630589525394,24.27780212272676
2026-01-09T09:00:00,30.375667210293,65.67644199384058,1012.948796178939,455.3130159441189,22.777842536319078
2026-01-09T10:00:00,28.477415033949285,64.37229004741395,1011.659458801186,441.0707615200574,26.14542434118835
2026-01-09T11:00:00,27.526160842145824,69.39212052256946,1013.8342216318838,455.02870183158024,31.819715947386698
2026-01-09T12:00:00,27.12985786692852,69.24096165216248,1013.2195035785064,422.1782212011335,34.02621452336048
2026-01-09T13:00:00,27.167686526105317,71.81975713993545,1012.0704514180928,427.42076919201423,32.33926556004078
2026-01-09T14:00:00,24.998218105759584,70.84000304781992,1011.7576402983855,415.1745991550223,37.02393080942046
2026-01-09T15:00:00,24.28687368318513,70.3045214556066,1013.7640385540649,414.12632601972814,30.779654047761678
2026-01-09T16:00:00,23.491403461326943,68.36604424662785,1011.9380565684454,394.7067477624097,29.09683587540288
2026-01-09T17:00:00,22.30928994560414,73.58598630661655,1013.4984695311977,409.21699336981675,31.50965490387395
2026-01-09T18:00:00,23.291410895674492,67.0368746089441,1009.8063602066034,403.2152008426326,28.70684996043113
2026-01-09T19:00:00,23.08071965430173,69.12620399979005,1012.2668920692422,400.40744927314677,24.513954626264532
2026-01-09T20:00:00,23.766549795420968,70.16680375092119,1014.3929663513929,416.33574970884104,32.45544796103071
2026-01-09T21:00:00,24.396739511708052,68.39225243617824,1010.1287457157433,394.6684332980431,39.79062669557918
2026-01-09T22:00:00,24.244388647593112,69.78482541301457,1011.2792216691265,414.1268285428631,26.9131757637245
2026-01-09T23:00:00,24.65688242510045,67.87810658493325,1009.2186609395455,422.00816878051404,25.17787698804608
2026-01-10T00:00:00,26.518973818774484,68.81657943627721,1010.8344298422835,441.18512964006175,27.02688646015827
2026-01-10T01:00:00,28.192885890166888,64.39509785168113,1013.3137460418038,431.6082754149317,27.11160082933791
2026-01-10T02:00:00,29.23100361744679,65.8683107945507,1012.4348782325899,437.87644276856656,31.892256557550503
2026-01-10T03:00:00,30.48242932302524,66.1790450631773,1009.6397191698933,434.48600166269415,24.06988526669732
2026-01-10T04:00:00,30.292599834649746,66.2619514702589,1010.2069243027094,465.77552395073377,26.797745333344665
2026-01-10T05:00:00,29.454756062865293,65.08556092358926,1006.8296294310364,445.1274011745076,23.763381248700465
2026-01-10T06:00:00,30.57271290580108,64.49132259084445,1011.2117963702357,447.87518775678427,31.553913461778446
2026-01-10T07:00:00,31.71413487849898,61.94501078362114,1014.5077997970268,434.6917358746599,20.503058869666496
2026-01-10T08:00:00,31.53173653726914,59.895504094016765,1013.1495713258658,436.6087056958942,21.7508523666001
2026-01-10T09:00:00,29.70228487725417,69.23258052160625,1010.3787931170328,446.84948733070325,31.370885627465206
2026-01-10T10:00:00,28.823755755975736,64.89686074168853,1011.881600440296,443.62213783029085,29.364024254818144
2026-01-10T11:00:00,27.375139538487648,66.80162734223379,1012.6458853790485,434.46446687951453,26.42001821563789
2026-01-10T12:00:00,26.988097827673098,66.61784276138773,1010.4006191967346,435.28876214331353,22.652089561804836
2026-01-10T13:00:00,26.78049251543522,68.610215814045,1009.4469178168628,426.9258478210201,29.096265466174067
2026-01-10T14:00:00,25.533512968648775,71.49088876877099,1011.2671617686707,409.0068475075221,28.01969596258931
2026-01-10T15:00:00,23.484810975093172,69.31926808626321,1012.5690048752227,412.5055202241623,26.958059631452567
2026-01-10T16:00:00,23.01911931731456,71.88047708517132,1010.9968019745563,395.86748399211206,30.109634529195347
2026-01-10T17:00:00,22.951151176177255,69.09899647286483,1013.6543527125228,416.00400350102956,28.93287226904746
2026-01-10T18:00:00,23.091728258236333,72.18123359290409,1011.9381550554729,415.69550693571193,37.5508974538308
2026-01-10T19:00:00,23.19264182461202,71.9263933882643,1013.7469033359228,401.795340661189,26.235257303017477
2026-01-10T20:00:00,24.17009895560458,67.1263921220238,1015.5776733800442,418.79456604597436,28.139239163457965
2026-01-10T21:00:00,24.207340028989755,73.73684387303408,1010.1075480864525,398.4000089464528,29.623247012275282
2026-01-10T22:00:00,24.816741761150844,67.73366811028826,1012.3077221471419,419.131339368113,24.558139085250502
2026-01-10T23:00:00,27.086860676300407,65.14636357920367,1009.4465542826894,428.0429642529384,25.17252296846399
2026-01-11T00:00:00,27.29240879844454,66.52813171936884,1009.9333204439649,422.2534783149198,24.235310975414173
2026-01-11T01:00:00,28.40277338624428,65.91786458305694,1013.5228607549824,443.5273802772223,30.704890537341722
2026-01-11T02:00:00,29.630503320177645,67.46430299177237,1013.5397059380198,436.29969276570927,26.57747552727951
2026-01-11T03:00:00,28.547338129644587,67.34563062006953,1010.6524681730199,452.4962151018702,29.651877748371106
2026-01-11T04:00:00,29.517636021921025,63.958212450476076,1011.3013073284984,445.43942722702764,25.838829451875284
2026-01-11T05:00:00,30.054906668527597,65.65043132948847,1008.623028916372,428.2868213432848,29.221956489024233
2026-01-11T06:00:00,30.086280557618753,64.41114013870435,1009.1652741262989,438.0935505191741,23.89237185830921
2026-01-11T07:00:00,30.57661344385854,67.10388350978914,1012.8990240218278,451.0147232092551,30.403452579494882
2026-01-11T08:00:00,31.245689567742698,65.4260443095591,1011.1873677243489,463.87387561403386,33.27231752111575
2026-01-11T09:00:00,30.290801147844398,68.90871226252597,1013.8531978333275,457.86397252720633,24.27535264409736
2026-01-11T10:00:00,28.220515457819772,66.92462066441416,1008.6610846121928,435.3845542441143,30.71658404189487
2026-01-11T11:00:00,27.569667387796237,68.61064812707457,1009.2974982068803,430.5467839213297,32.52121540662149
2026-01-11T12:00:00,27.14595870581971,68.46379808969992,1015.4094476631892,445.56164202985536,24.81723104999904
2026-01-11T13:00:00,26.887252851142463,66.85970947379231,1011.9648203345603,423.7120808860628,31.49395761914867
2026-01-11T14:00:00,24.20951335309708,71.1361110856065,1013.0480297591594,427.23815927405474,29.35373457061724
2026-01-11T15:00:00,24.873961438613566,68.27774287720365,1014.2941174935366,416.5492124864591,22.594088417191465
2026-01-11T16:00:00,23.821442621701305,70.90145509019501,1011.2886873110948,399.5143216330108,29.070246735844353
2026-01-11T17:00:00,22.126786785607717,75.28000949968208,1009.743442389864,397.9164570946929,37.67560284201175
2026-01-11T18:00:00,23.40952159192391,72.3128734691054,1015.0334169024002,401.25428717191596,26.83303173221855
2026-01-11T19:00:00,23.72728427331228,72.2107291618216,1011.3462211573105,390.6648952627457,35.9041126195908
2026-01-11T20:00:00,23.938991556578102,67.70185891136995,1013.5599076330524,391.0576360444005,25.860779472677354
2026-01-11T21:00:00,23.38525625977041,69.61613384760575,1010.3333779900483,404.9626007162578,32.02834954151209
2026-01-11T22:00:00,25.20621367693995,70.69249226253737,1014.1846842470859,413.02756994500834,30.204323316792916
2026-01-11T23:00:00,26.34143091807626,71.94033241073669,1013.798156506764,440.10813773748197,34.83409158535059
2026-01-12T00:00:00,27.740085792231376,63.838591034376996,1013.7617183884469,432.55509816062556,25.30387122164533
2026-01-12T01:00:00,27.666197583589394,66.6164937765672,1012.8323614776541,446.55018529050506,21.04040322386438
2026-01-12T02:00:00,29.152672674461574,65.15648830313616,1010.0983944673571,447.2114673033386,24.694670484614615
2026-01-12T03:00:00,29.367101448274227,64.56798876855031,1012.562597697315,447.5572102386461,21.231030630150237
2026-01-12T04:00:00,29.875403274308578,65.3346644212655,1012.8102956202604,439.05406102146804,28.08669146660359
2026-01-12T05:00:00,30.286901397927263,70.82596807905665,1010.1179942757268,444.66663917377514,30.754191154754256
2026-01-12T06:00:00,30.368333322986288,66.96059580281941,1015.6028326935135,450.3485623506849,27.96350122683135
2026-01-12T07:00:00,30.50127153875783,65.19892498703068,1014.863468837006,464.87910002970705,22.422347756905946
2026-01-12T08:00:00,31.54623467078875,66.68713492136862,1012.9727366374682,443.74002609877954,27.343824603900295
2026-01-12T09:00:00,29.27160096613633,67.11793076643484,1011.3670578033525,420.8581251842981,31.087363761613858
2026-01-12T10:00:00,29.13401712637809,68.44975243716571,1011.7276405337075,444.76159942697404,32.776131283962805
2026-01-12T11:00:00,28.3067341304102,67.53061615610748,1018.4287819438184,434.4424738377116,28.348174308388895
2026-01-12T12:00:00,28.213820090821613,65.41892852428572,1009.9180053970296,412.8152103930099,28.327899804381357
2026-01-12T13:00:00,26.402665340912765,69.96084302037963,1009.2928798399066,435.5998337862196,34.1616536398394
2026-01-12T14:00:00,24.931882072739622,69.71962727372038,1013.3511915565244,421.905722001716,31.771617751777512
2026-01-12T15:00:00,23.411312634678296,70.52170512080454,1009.5750532805225,419.89765389501133,31.886059433670027
2026-01-12T16:00:00,23.466727891296618,71.42021614578337,1008.886967283738,418.6444680780347,28.52506702236088
2026-01-12T17:00:00,23.226632404234735,73.24943351456938,1010.4869987834503,420.21865656094855,32.17090469824643
2026-01-12T18:00:00,23.019733108862514,72.29630464963617,1009.5059488350664,412.12927413073305,31.253451089566322
2026-01-12T19:00:00,23.86169056866718,70.07703348247564,1011.273365106436,410.287512174654,29.216452267636278
2026-01-12T20:00:00,22.714120312669372,71.04078829032225,1014.5352600397084,407.23212019498874,26.646711960154654
2026-01-12T21:00:00,24.672728778905693,66.15492963632649,1007.759465498749,412.27252691625813,27.432151668885794
2026-01-12T22:00:00,25.15427944813844,67.6910106591061,1011.6990007597296,400.71520097788186,28.66195670409806
2026-01-12T23:00:00,24.834000621384067,69.43431401953434,1012.5231586222659,402.4500154793506,26.914008111630295
2026-01-13T00:00:00,27.551702372490553,70.65657386918883,1008.9920794234968,434.0790215011786,24.91580420957039
2026-01-13T01:00:00,27.093595579074222,71.11727119886933,1013.3363644716994,426.8201445596168,31.05820051452815
2026-01-13T02:00:00,29.44936243538468,66.40309536447593,1016.4945574873989,449.7693496936606,14.910240273417774
2026-01-13T03:00:00,29.625287290949224,64.42661773145598,1011.5917064443872,447.8392602852532,22.89406070814574
2026-01-13T04:00:00,29.70465929094055,68.56308354913298,1013.1946839878972,443.601762891459,31.112757098129244
2026-01-13T05:00:00,31.336329701711332,67.06555116092363,1009.8893733468497,463.50672520948336,24.914732434618344
2026-01-13T06:00:00,31.808531199951407,63.76827673064678,1007.4564415347198,455.4242476842384,17.901143623386083
2026-01-13T07:00:00,30.711698706995417,64.91425777399338,1011.1973899683798,436.30510703364405,21.377064812920654
2026-01-13T08:00:00,29.872888195605015,65.20547222147108,1014.5769995598265,460.15966025910194,24.155049621071367
2026-01-13T09:00:00,30.720141518525736,62.287761810976626,1013.370042634128,445.57485312724276,24.946732430262117
2026-01-13T10:00:00,29.446923536182002,64.68331113782382,1013.6023162677739,442.3882801652086,35.32551340482401
2026-01-13T11:00:00,27.822293420762893,69.88051493645239,1013.2941808519914,422.3809591301544,34.75884941245525
2026-01-13T12:00:00,26.257712437461098,64.12983970926709,1013.7066313720239,442.8274406234577,25.498990320737416
2026-01-13T13:00:00,25.78201030124264,72.14175535798795,1013.4237361475713,415.6591327877041,33.825360669135435
2026-01-13T14:00:00,24.12969585919586,69.17830743724761,1009.8977399355981,391.0997914395397,24.11564501625143
2026-01-13T15:00:00,25.027202407409856,67.38259431634823,1010.8999359399936,398.39064627048486,31.03024488794007
2026-01-13T16:00:00,23.53673659857933,71.75210130827287,1011.7886264389371,394.29704129872664,26.730699733416113
2026-01-13T17:00:00,23.7223828530546,70.5072803265221,1013.5488033774468,367.90070389668097,34.195531171319615
2026-01-13T18:00:00,22.654222967458637,75.82233611882437,1010.9784898335837,405.3392264601539,36.11714579916704
2026-01-13T19:00:00,22.52324008262664,73.32688379582656,1010.7095681822893,421.32109140148657,34.9016436840181
2026-01-13T20:00:00,23.882844037500472,69.04533641255348,1011.5788576628225,411.9483042057053,20.59836452661218
2026-01-13T21:00:00,23.785348367727476,72.44786831360089,1009.4636384551673,427.67007016103474,28.600247067373758
2026-01-13T22:00:00,25.226280140128345,67.12364818848087,1012.9687565288568,423.0527363699094,31.932049562398937
2026-01-13T23:00:00,26.912572891907473,70.57698906988,1012.4178379675558,408.8155544520822,35.0989526840401
2026-01-14T00:00:00,26.087105684935835,67.85289579137984,1013.474217218082,435.3226923020205,34.26928858846491
2026-01-14T01:00:00,28.03243878177974,63.79391102837802,1011.4494831907176,438.5592020005194,23.65330161012372
2026-01-14T02:00:00,29.98871748618303,65.11380078809414,1009.1283054001123,448.1014735874205,21.388919684070085
2026-01-14T03:00:00,31.018351762508853,65.32550699952692,1009.1934312006998,460.6303714516119,35.60484109230187
2026-01-14T04:00:00,29.061262378011467,68.15713711553273,1012.968055160679,453.7587986579928,29.48330966138099
2026-01-14T05:00:00,31.208023270545766,63.24757171286909,1014.8219796762355,437.95385572501016,32.507553680127614
2026-01-14T06:00:00,32.069381051350256,61.572225065700174,1011.989199737999,472.0383078457318,21.536579811970757
2026-01-14T07:00:00,30.750017323840176,64.19523134498222,1014.3349456160113,446.8559526197357,25.297359563427708
2026-01-14T08:00:00,30.84225239644551,64.51099465878885,1010.2671369486416,435.55205186722714,19.484670506729294
2026-01-14T09:00:00,29.002564149551198,62.956849572384805,1010.5462464241554,451.28024719276647,24.686176175932154
2026-01-14T10:00:00,28.421356843184302,64.82687661468673,1010.0132228741633,425.84522372770795,20.83530331928173
2026-01-14T11:00:00,28.5353292820507,63.96251356060908,1012.0346316972975,429.0538299257611,34.885537439537615
2026-01-14T12:00:00,25.742150376707777,69.39288140848521,1011.3324988120045,420.74643562624095,30.235868803108232
2026-01-14T13:00:00,26.07363305168208,66.60328323050186,1012.8525547176853,428.19954681646516,32.26017715432913
2026-01-14T14:00:00,24.573020150698802,72.88247275573205,1011.6063652834052,393.78785178772864,33.51011413191054
2026-01-14T15:00:00,24.114459730519467,68.54373030371171,1013.8664806877017,406.6627910591773,32.448153643399195
2026-01-14T16:00:00,23.478007595532794,72.31823739519113,1013.3589555223014,414.0273798915634,26.894592459943986
2026-01-14T17:00:00,23.780095778855955,70.61944682697066,1016.0045215472916,411.5958929423141,32.83811771497754
2026-01-14T18:00:00,22.46457493113585,70.81605688389614,1012.1934359886586,390.9542874977556,25.29013033907032
2026-01-14T19:00:00,23.060288764313636,70.99602659069028,1012.4041497736572,419.25710395082245,28.495869164892245
2026-01-14T20:00:00,24.012511381201634,70.10072022214278,1011.6119761709249,411.43418153164373,21.19959106938162
2026-01-14T21:00:00,24.218022680408946,68.94906690659094,1010.1403229215475,389.6784334618699,26.892782470745416
2026-01-14T22:00:00,23.68579474968885,72.39161051897214,1011.5213853614339,397.31513868650995,28.380027864357793
2026-01-14T23:00:00,26.4931914459856,67.21567990958106,1011.4375643876448,419.0993253023893,26.93787151826445
2026-01-15T00:00:00,25.810163069584988,68.8609501884464,1010.8838146075766,465.44535116967916,27.750631612095816
2026-01-15T01:00:00,27.716338965841675,69.40388284133397,1011.6879356609896,439.51058241653607,25.48625412278261
2026-01-15T02:00:00,30.08865964931241,64.27372292971168,1012.7507005652387,456.08829037058695,24.173586354192736
2026-01-15T03:00:00,29.82832278984077,66.91036850255355,1013.3653638269249,434.59649370979963,27.963190871472865
2026-01-15T04:00:00,29.80234329022984,64.267384955647,1010.7032176468318,466.24236929547834,31.773478805436916
2026-01-15T05:00:00,32.68752012087204,63.33688306654205,1010.3171862363279,442.5143644053447,31.165741302517322
2026-01-15T06:00:00,29.923135260591394,65.02755467456048,1010.8678739082644,475.9999432880735,21.86591187636055
2026-01-15T07:00:00,31.63486764123811,66.91881203560324,1011.6664599469138,459.7340891944005,21.08831109929208
2026-01-15T08:00:00,30.402356146859464,64.84806097163583,1006.8408347102962,456.63515871643614,27.21430834740978
2026-01-15T09:00:00,28.643063889605124,63.860997229697084,1010.5014217092609,441.3274881421551,23.877234477168336
2026-01-15T10:00:00,28.329313038197483,64.92083530794804,1012.6130264876016,436.79702353124463,25.417382302054005
2026-01-15T11:00:00,27.874500272147607,68.2148004024938,1011.6914502360338,446.80894975733213,28.56235439400372
2026-01-15T12:00:00,27.622324008929276,69.99630524286682,1009.0790490872769,441.0639414569917,36.52870226360921
2026-01-15T13:00:00,25.28395343001945,69.30909584098315,1011.285591811747,428.81953105727234,30.99633458061238
2026-01-15T14:00:00,24.53149307843164,72.59991858199248,1010.2866383766248,415.84017255561236,35.31431214165965
2026-01-15T15:00:00,25.538979399632442,68.14350599533324,1013.5645892239352,414.9628309269229,21.77067955734661
2026-01-15T16:00:00,22.867266603461367,68.8966451821595,1010.9933658895917,403.3479069355414,28.739446802533713
2026-01-15T17:00:00,24.030682446807067,71.22040640349948,1017.3061253121217,402.930719042896,33.411296167897646
2026-01-15T18:00:00,23.29008818628604,73.9810628361284,1011.2425678898076,415.14309415749904,38.70303501388731
2026-01-15T19:00:00,22.631727702445264,71.34487451480648,1013.0086126123388,400.6345009362005,26.840435894943496
2026-01-15T20:00:00,24.818811481967423,69.2856506056049,1015.4681861831426,402.2482611105816,28.0715997537392
2026-01-15T21:00:00,24.729570277668845,69.40430548484012,1010.2022637131272,403.683396269478,30.073703272758603
2026-01-15T22:00:00,24.533720187271022,70.14915935731408,1007.4854282978625,410.8025326911211,28.78316452295304
2026-01-15T23:00:00,25.60587462576688,67.12812706305303,1010.2329908404639,424.3757745613935,33.33792704656453
2026-01-16T00:00:00,26.021101561627137,68.2305983308171,1013.9540992053714,434.0134942590061,27.786389304568928
2026-01-16T01:00:00,27.71977735799752,67.45070188416959,1011.7978717664391,410.23293498898335,24.752358393769494
2026-01-16T02:00:00,27.63528775628386,70.07388284890588,1013.6452970130799,433.0411908964146,32.67122905245665
2026-01-16T03:00:00,31.542480369217323,63.11986278250871,1014.5985502138137,452.02773093055765,23.637107068271767
2026-01-16T04:00:00,29.689964230156125,64.73617851106395,1011.2101749674241,423.8613275213261,27.837172442756906
2026-01-16T05:00:00,30.638491398772338,66.00769531492264,1011.161545547363,490.12741857874016,19.976248177205463
2026-01-16T06:00:00,30.34685838171893,66.73292418092858,1016.7169354819002,443.09097560264405,34.429906506663585
2026-01-16T07:00:00,30.221782718593328,68.00930807301505,1012.1507890978102,480.90812814347606,35.13445672063803
2026-01-16T08:00:00,30.010695745457248,71.4628463337487,1009.7516822770166,447.88718678361596,37.65560498357435
2026-01-16T09:00:00,29.314078950751874,64.86603412887564,1012.2612607946105,453.10750958766016,27.35495313100487
2026-01-16T10:00:00,28.478011853468008,67.21137754877745,1013.2748508173821,460.5478871527639,28.76060623699073
2026-01-16T11:00:00,27.158190573635775,67.9302825355624,1010.7588128549038,452.29884702968985,21.249507788379283
2026-01-16T12:00:00,27.391813197088375,65.55575683762467,1014.5441142474115,439.25394548483956,27.16635435405892
2026-01-16T13:00:00,26.31818091785999,67.87169510815129,1013.35155458495,422.9340036852924,30.835002603084636
2026-01-16T14:00:00,25.04100339295349,64.60481431502653,1010.9726846318885,435.7099094110732,31.433530883061724
2026-01-16T15:00:00,24.24475725961923,69.95212703609195,1011.3295037226039,419.8890613207429,31.68263982265902
2026-01-16T16:00:00,22.850534097582248,72.64287301099257,1014.465793222003,396.89098704875414,30.50264577152547
2026-01-16T17:00:00,23.46079208300352,72.27687226848931,1011.1589297999759,399.50772327487874,29.138269195990542
2026-01-16T18:00:00,23.26966283346324,71.84250796361036,1011.9611649122477,388.6293125348911,26.329808326850756
2026-01-16T19:00:00,23.582073518315767,68.29216475912995,1012.4527140759942,401.5222828823598,25.795601306916033
2026-01-16T20:00:00,23.554587307818025,74.10903433612842,1012.5776331641338,404.8013761858808,26.38283766354628
2026-01-16T21:00:00,24.53013976108569,72.24929489853655,1013.2147520934262,426.3137797572156,32.88089914032564
2026-01-16T22:00:00,24.0877076336419,70.23993437138722,1013.0497359668717,426.1521383056201,27.59564829865773
2026-01-16T23:00:00,25.920368077606128,69.59544482247958,1014.5425860335935,435.59238949391147,31.70208465802755
2026-01-17T00:00:00,27.277355793879284,65.72755263131306,1009.7980803687144,428.89774414496003,30.57562037422235
2026-01-17T01:00:00,28.312023576847228,68.07257300915542,1008.9968881758984,418.9306310494866,32.53033641254872
2026-01-17T02:00:00,28.97575310012402,63.79202176197211,1013.7643348524339,445.5964339360912,36.86027233141145
2026-01-17T03:00:00,30.703427437878318,65.73065269895831,1011.6977808792329,450.4652156273064,26.000848206028284
2026-01-17T04:00:00,29.456943914762668,67.88948910763096,1012.549715034988,418.59415367303905,25.380549474801512
2026-01-17T05:00:00,30.28358401778094,67.33491315111391,1011.9118896197969,471.9970279120246,21.168360830985897
2026-01-17T06:00:00,30.246949718456918,67.53662927868339,1010.6895572973651,442.2964113005522,25.56895488443432
2026-01-17T07:00:00,30.33182631463126,66.41319464287874,1014.2363352223136,435.1051148836505,25.726130273241253
2026-01-17T08:00:00,30.47407233095765,65.38512940438176,1013.6665111393224,453.0888003683816,23.85037715512028
2026-01-17T09:00:00,29.050101660087797,62.71050012920908,1011.2577761551229,447.8505880292344,27.984249614802273
2026-01-17T10:00:00,28.735561621921555,71.25895925097454,1011.8470408278802,436.6998748871093,31.80365252320866
2026-01-17T11:00:00,27.355884912162196,68.13310815295213,1007.8718062900301,444.5836050384966,28.35989033077134
2026-01-17T12:00:00,27.147399547781603,68.1916978777747,1009.4524878618131,419.21654327417343,34.399888166797396
2026-01-17T13:00:00,26.31094212592515,67.35671973881665,1012.8421611091356,428.42205468086496,35.36764167059458
2026-01-17T14:00:00,25.77724562010688,69.80054089186974,1011.1016295158071,438.90427898163966,28.854184015863343
2026-01-17T15:00:00,23.562214529642578,68.30973540444536,1010.2752069239039,407.9533075403318,31.278420715577024
2026-01-17T16:00:00,24.17512818149351,72.562037022176,1012.3059533899703,418.327275265892,40.23068821887072
2026-01-17T17:00:00,23.7734992892082,73.786965717706,1008.9787228978166,396.950266935015,29.046416179681337
2026-01-17T18:00:00,21.126076029845297,72.84649572148689,1014.7848979856236,398.57619745348,32.17431592857659
2026-01-17T19:00:00,22.53845875710494,70.58577770458899,1012.5706196850365,391.5025450802152,34.50617651758956
2026-01-17T20:00:00,22.192766949645225,72.49025461645643,1011.0170364545937,426.2191018459381,34.19055859923712
2026-01-17T21:00:00,22.71266147632843,66.58507760497287,1009.9972871788259,406.2956139389471,26.2535265608442
2026-01-17T22:00:00,25.02117178585499,70.93025460754436,1009.2680185738451,395.8934401723749,31.061024077301088
2026-01-17T23:00:00,25.712037111737004,68.82362364596514,1010.7163403071148,421.4510187019805,34.522564166654355
2026-01-18T00:00:00,25.86371079340679,66.4579704684754,1013.2832032050371,448.8088931991944,26.097983698636522
2026-01-18T01:00:00,27.151375080161372,63.876660045455566,1012.5210848934876,421.4782254713419,33.81597773437057
2026-01-18T02:00:00,30.63912247513369,65.54130460632057,1012.9709234031942,441.0850470905854,30.846095869402106
2026-01-18T03:00:00,29.826277790336498,65.86569127293943,1014.7208065246087,455.19185976679887,35.0299090267259
2026-01-18T04:00:00,29.318320926002666,65.03417842303975,1010.1921879697843,461.75198512652105,23.949563485316265
2026-01-18T05:00:00,31.28533569660842,62.23375553446665,1011.8113178125976,481.7120909342644,30.5171017599637
2026-01-18T06:00:00,29.685027646255477,66.58115081148945,1013.6527058418283,449.0791111312729,22.597284349375233
2026-01-18T07:00:00,31.327094768293854,64.73997504550199,1013.1050817371914,452.2515284353361,35.042643261798766
2026-01-18T08:00:00,29.824412858444884,64.74847223853999,1013.0297709134081,460.4315362585084,20.209076043895635
2026-01-18T09:00:00,30.736546024385312,62.09452629085365,1012.0127992000923,443.9933499628074,21.03566915983037
2026-01-18T10:00:00,29.79327530073441,61.07127419086638,1010.5384343753886,431.66683378867697,26.649481560859797
2026-01-18T11:00:00,29.120571101619586,67.85448066579394,1014.7905700443523,409.77582551501354,28.552536934151455
2026-01-18T12:00:00,26.03187662268243,68.02456792660712,1012.4893432972777,431.1354952158739,33.52021273572314
2026-01-18T13:00:00,24.57967908135953,68.26478383537756,1009.0387400292634,403.86403430751733,32.20846643730678
2026-01-18T14:00:00,25.127693186633053,72.61107301958069,1014.3704126753266,418.31780296322347,27.349285589336148
2026-01-18T15:00:00,24.865827130424613,68.32413216447134,1009.6011523691475,398.51740915440587,28.714320964999555
2026-01-18T16:00:00,24.421769277378115,70.16780221205407,1014.4488570645817,409.44546971557986,27.8116664810009
2026-01-18T17:00:00,25.041118312175108,73.20919441009137,1012.393813959543,395.86551760024287,25.21031828029267
2026-01-18T18:00:00,23.28095034168208,70.46421627123603,1012.9340016236764,408.8764946524674,31.470056115634467
2026-01-18T19:00:00,23.93585602493603,71.07975493083052,1010.5531119343082,396.6052716229513,32.48833591172294
2026-01-18T20:00:00,22.785619516802143,72.80818877770083,1013.4283868214374,407.8227630355143,28.24003903784736
2026-01-18T21:00:00,22.928135763893014,69.00956146425943,1008.74814001686,412.64238357837957,26.937542876346146
2026-01-18T22:00:00,24.355536924078823,71.8607814025535,1012.2586557709071,418.07104314278615,32.93501410371657
2026-01-18T23:00:00,26.69024053188807,65.04215959946,1013.4133596931149,401.8222822807824,22.751977555472475
2026-01-19T00:00:00,27.708501904996275,68.81564347495419,1013.3294817919847,432.18501886732923,34.222856657531985
2026-01-19T01:00:00,26.956715631238357,67.42431686837952,1012.0946981032035,460.89389802522146,31.703221432566735
2026-01-19T02:00:00,29.726899363877305,64.29578947866403,1016.4993231080932,448.16170031202535,21.38335491858174
2026-01-19T03:00:00,31.47017863270709,61.570040676389205,1010.2626004958255,444.86965662067547,19.577349522343308
2026-01-19T04:00:00,30.833149452536464,65.48700580990545,1012.2270166336046,474.3763170748962,19.705027397452938
2026-01-19T05:00:00,31.82017334294317,62.49455766649522,1014.9243278059716,477.0107135754634,33.35240252157585
2026-01-19T06:00:00,30.866640001745733,62.580169060209855,1012.6558521961679,454.35957718005864,17.15472080056824
2026-01-19T07:00:00,31.378584797081118,62.651776223534625,1014.8840176484828,465.7301088133046,23.130893788300824
2026-01-19T08:00:00,30.48941666851639,64.72333218667124,1011.0852133965842,488.8303629785075,21.961545005677955
2026-01-19T09:00:00,29.867163436698103,67.68921239163515,1011.231321870991,440.13515607528336,22.46604448450415
2026-01-19T10:00:00,29.834424732925612,67.15646620353091,1012.9398672277874,424.39444949646554,29.42385769718685
2026-01-19T11:00:00,28.234989265458843,66.33588103584282,1009.246518408052,435.7902848284434,23.351748439568055
2026-01-19T12:00:00,27.056024342893163,68.08186065234499,1011.3236834723779,440.5842815588306,27.793100232006964
2026-01-19T13:00:00,26.335084688855424,69.36873691245817,1014.0163462930475,411.9608075237553,27.576896452861995
2026-01-19T14:00:00,25.6453961553469,69.39074874707285,1014.2516105056426,426.4429135504001,27.194803813469733
2026-01-19T15:00:00,24.787930533447692,69.2546840976613,1013.9132089904737,434.5675036281092,33.24465689600872
2026-01-19T16:00:00,25.138549027087457,66.38599690811189,1010.9032503192152,405.15322985388457,25.26903566994675
2026-01-19T17:00:00,23.397010322512724,70.14617465622943,1014.21221484953,417.6689801616868,31.156215903798945
2026-01-19T18:00:00,22.291450698684955,72.86158699930357,1013.3485800313179,409.2466251632218,31.52313926674835
2026-01-19T19:00:00,24.116531105967745,69.21001355382938,1011.2666050562344,413.85652467670815,30.970174679980854
2026-01-19T20:00:00,24.1327166525734,69.72580512290997,1009.3705878461983,393.49837925497195,27.4773727256737
2026-01-19T21:00:00,24.72627049137146,71.40351197321854,1008.3681775504524,418.7290797323486,30.03355209965933
2026-01-19T22:00:00,24.27052589071243,74.56512935021134,1012.5279157727107,427.42898270786515,42.86569228889817
2026-01-19T23:00:00,25.557940236873577,68.36006742391979,1014.978031318258,407.83747217627337,28.547909981909253
2026-01-20T00:00:00,27.032350560734876,69.91448162677297,1012.8107817856225,419.041841587883,33.229122444393916
2026-01-20T01:00:00,28.626880769115047,64.5964871922831,1010.624393611615,430.16078616586935,21.02018072230841
2026-01-20T02:00:00,29.74526676194953,65.15610100795278,1011.4443396323004,430.04693122763064,24.431115281332264
2026-01-20T03:00:00,30.867893265587867,66.40226190160249,1008.7652055841369,435.80118209823456,29.423987392294674
2026-01-20T04:00:00,30.115416143401845,64.40118796689524,1010.2790156933631,435.67780554662943,25.861989068290416
2026-01-20T05:00:00,30.597512969210083,67.40274536516465,1011.8665841197304,442.5660920009143,30.35714376000037
2026-01-20T06:00:00,31.942303121282617,62.57468367437704,1008.5948481912435,449.25240742412956,18.802639318105193
2026-01-20T07:00:00,32.012835746320675,61.21424228176829,1011.3446102837804,471.8304054626413,26.73481970852276
2026-01-20T08:00:00,30.104538676709947,63.95024096827882,1011.6370068615331,448.76877266402374,31.150762893303472
2026-01-20T09:00:00,29.720161376722928,63.12393123247097,1013.9715459732225,460.1160642358334,23.679567749906713
2026-01-20T10:00:00,29.54048752414364,66.07010310945837,1009.5864033384328,441.52710433767663,22.07036035077245
2026-01-20T11:00:00,27.591367627679315,65.64911040194042,1012.6656897463469,438.7082805381358,21.075659849764474
2026-01-20T12:00:00,26.356101484333067,68.50973471604057,1012.9287358479328,430.86689388926146,19.52963620774684
2026-01-20T13:00:00,26.86555728550806,71.65217755026653,1015.1675853729063,430.05877127144845,33.244467830553376
2026-01-20T14:00:00,24.542065362818082,70.34350504646359,1009.7387418973988,418.96112416055877,23.92168185575097
2026-01-20T15:00:00,24.581214113328816,69.2259167677419,1013.5341376954999,414.51321558369943,27.019904352541356
2026-01-20T16:00:00,24.126226566464457,67.95220934547812,1011.4702952029924,401.89883379793383,30.942436226305514
2026-01-20T17:00:00,23.083436008857248,71.67328868528541,1013.0509420517687,377.69846861738785,26.866029468836896
2026-01-20T18:00:00,23.08115097222199,73.16003102136409,1013.1451755230709,420.72919401671845,30.725526226912084
2026-01-20T19:00:00,23.206773011933702,70.03498359124501,1011.1286554927401,395.88661212135116,27.251366140143677
2026-01-20T20:00:00,23.402570629771617,69.57483537698334,1012.0531497936689,386.5257555464507,30.814119963440223
2026-01-20T21:00:00,24.295792664101175,71.05582343883052,1011.0730061330003,406.22369397105297,34.06852015858276
2026-01-20T22:00:00,24.891847389917828,73.65962085515022,1009.1877646205046,414.53162209123377,27.452240304353214
2026-01-20T23:00:00,25.414002611832455,67.68881468144005,1011.0385354444207,432.92362920309074,23.20659408480433
2026-01-21T00:00:00,27.427008219161536,64.77661791457035,1011.1889486564523,445.83771242380544,27.591803696852587
2026-01-21T01:00:00,28.225872415254603,68.27951392404218,1013.151950029676,444.00654384719275,33.810311890834164
2026-01-21T02:00:00,28.273081946305915,66.84005597345455,1013.2745377475967,451.4957074235766,29.420270824046142
2026-01-21T03:00:00,30.74300273034065,64.00360732480783,1009.3005596102225,462.94631254869523,25.19931296143006
2026-01-21T04:00:00,30.08002113485402,65.6075022897068,1011.1354475820865,463.7251308040468,29.88591783738349
2026-01-21T05:00:00,31.08191629793132,65.8162061385894,1012.0652152504807,466.466253120168,17.018065939805055
2026-01-21T06:00:00,30.182263415140483,65.37432820535376,1011.1730452231415,443.5938134098571,28.641903980238027
2026-01-21T07:00:00,30.178834727329445,65.8916547577225,1012.2485794197928,454.8405092494016,23.20741913988297
2026-01-21T08:00:00,30.32888570693399,67.7907653163422,1013.0870466894756,463.20469966236294,27.533207794024424
2026-01-21T09:00:00,28.63682895382899,65.75760048617248,1011.6986441195468,463.29576747523816,30.974135833092074
2026-01-21T10:00:00,29.297391608108093,64.44903141131276,1012.2568944296787,439.35922208566376,24.540288959617175
2026-01-21T11:00:00,27.171810709970075,68.79036073761056,1011.9403144776527,446.1230579568992,22.70674704475578
2026-01-21T12:00:00,26.21111278010324,75.92365449413859,1010.2398997423867,433.45099337395817,35.297578608460014
2026-01-21T13:00:00,25.277193942974478,72.8334590592795,1011.8687597699956,425.3232843604893,38.656966681415746
2026-01-21T14:00:00,24.44628535370207,69.067689761451,1011.3089744029373,401.0282429761295,29.850740706951733
2026-01-21T15:00:00,24.50271061757768,70.36447142412487,1013.3116607036045,422.7101793988237,31.00994122693058
2026-01-21T16:00:00,23.366889624130025,73.347321590343,1010.6066722576895,425.1056554220137,30.9712996234897
2026-01-21T17:00:00,23.67165863175411,74.31577704864348,1007.470404740513,403.54472979604947,30.80525048797681
2026-01-21T18:00:00,24.195170566944082,69.43021873942207,1017.4580390037139,386.66516515672515,30.399175309392753
2026-01-21T19:00:00,22.865885386130945,72.317472357908,1010.8697126082611,400.43947162558834,23.73091850087051
2026-01-21T20:00:00,23.61161995485167,67.71486000154857,1009.380662098086,409.3918058329567,27.315005362551975
2026-01-21T21:00:00,24.890535828512267,66.98131213558617,1012.8420240571659,416.1923321940068,26.077433767499897
2026-01-21T22:00:00,24.437455182332535,69.89185103320804,1013.7679718116651,413.014931086668,32.71347578696266
2026-01-21T23:00:00,25.773058101748173,72.4311446542451,1012.0536070015477,421.4230153252308,24.658489444962413
2026-01-22T00:00:00,26.000993746725555,69.56178552916768,1011.5451003286472,433.37531929930947,26.354682278315927
2026-01-22T01:00:00,27.929969452506477,66.00863483696058,1012.5903972248216,433.85250712927746,34.064650776500436
2026-01-22T02:00:00,28.518345990042842,69.02294272824786,1009.8910140819771,436.9160138715551,25.349884428537496
2026-01-22T03:00:00,30.710173187050184,65.90584030313404,1012.2743463341981,450.4911290730432,22.196614805534644
2026-01-22T04:00:00,31.44614071735169,67.22214519090129,1011.9314004494828,451.80976320789335,30.052043837133382
2026-01-22T05:00:00,30.741025297550333,64.60682674978332,1011.0143910601149,449.99745690880275,23.72053820911277
2026-01-22T06:00:00,31.51089707768276,63.73468877245641,1011.1432709599449,447.47813112947233,19.016295306495653
2026-01-22T07:00:00,31.95583052112115,65.05252766319263,1013.7330015192116,447.78937564962854,31.765571671038504
2026-01-22T08:00:00,30.56574357894452,68.05267811358424,1011.9732530489838,451.11465828876067,25.925056581514962
2026-01-22T09:00:00,29.882667970176733,66.14383381817971,1014.985392943869,466.15422452944335,27.060471040910866
2026-01-22T10:00:00,29.853326900315448,60.28203576338423,1011.0594151637574,445.4965368355776,26.145911589286683
2026-01-22T11:00:00,28.331446821139565,66.82273620498283,1011.0770047198384,426.87328774922725,34.78375703476367
2026-01-22T12:00:00,27.785558046096366,69.98710785750085,1012.0212116480494,423.5863679110985,31.609752219832778
2026-01-22T13:00:00,25.947488805322664,68.58585370157306,1011.9502874272608,415.9341086689184,24.924436012814052
2026-01-22T14:00:00,24.83031680763855,66.96490318883315,1013.1964995332052,427.56260905769614,24.19727629387958
2026-01-22T15:00:00,22.892371919711227,72.07326151884132,1012.4768649177753,412.56841491749464,25.513570700331883
2026-01-22T16:00:00,22.193480061851158,75.268334678489,1011.5671840789464,414.40215471498146,32.80483514411696
2026-01-22T17:00:00,23.425774768503505,68.30284823180007,1011.1085811465326,389.5874972782055,23.863382151833253
2026-01-22T18:00:00,22.503686041745514,67.98395218337582,1011.0776013611758,396.4693332883825,23.243906930973345
2026-01-22T19:00:00,23.043309322610515,71.14267117494022,1010.3260529677226,429.9955122150493,33.07269947718985
2026-01-22T20:00:00,24.321057986605908,69.48638696865441,1013.7871988461211,417.53626657778494,24.9664427948592
2026-01-22T21:00:00,23.694025923026494,76.47522389330051,1011.1775646372928,418.16466487411395,33.07425024495996
2026-01-22T22:00:00,25.5819780269807,67.14524695410353,1009.9894152073077,431.11208732287224,28.195802587623547
2026-01-22T23:00:00,24.230389206082435,70.2625173363145,1011.636064586809,432.05754267898647,30.867978561335406
2026-01-23T00:00:00,27.239537701386123,67.98329882192103,1012.5809375063179,416.1685174512513,24.728710290152616
2026-01-23T01:00:00,27.438658877040716,64.9667538161336,1013.5765077762159,449.40148326746237,28.33270931916612
2026-01-23T02:00:00,28.57913766373659,65.66243366343816,1011.1202508193705,455.85477903868195,28.47021489504475
2026-01-23T03:00:00,31.04566430449765,62.82431324214865,1011.5487279312243,432.5495107919029,18.708052145200316
2026-01-23T04:00:00,30.355419727933473,64.644252240211,1010.9743660285127,433.2339497086399,26.43805573484887
2026-01-23T05:00:00,30.66499455576025,66.89773537372848,1013.1010050422462,438.40724522459425,28.811182265236724
2026-01-23T06:00:00,30.580792237720644,68.20037762275958,1011.9408231882206,448.95783881464575,26.51409967894948
2026-01-23T07:00:00,29.813075273494945,68.29845318990745,1016.2387097180653,433.3905829857735,27.201745379114506
2026-01-23T08:00:00,30.386818348000855,64.10199134382337,1014.4350731692793,466.6199043555278,24.290019635442263
2026-01-23T09:00:00,31.278324663798067,64.64288187476029,1011.5161917217524,451.03531296390975,22.66588571629635
2026-01-23T10:00:00,30.017193065863243,66.81951804534796,1011.2901080314762,440.273775534614,23.542574070491916
2026-01-23T11:00:00,28.21903272364651,64.43749791311139,1012.0063398892788,430.26401115260114,27.7744719199411
2026-01-23T12:00:00,27.729797801314024,68.99003794314093,1011.7548588470961,421.4845145937727,27.49437807947559
2026-01-23T13:00:00,25.953080838046155,69.81337276890171,1010.8636505391237,411.92217275529504,29.963067634057733
2026-01-23T14:00:00,25.951161545246062,72.58371996917629,1013.5863995639974,405.6168331924989,36.84297626159362
2026-01-23T15:00:00,23.57961073237284,69.19516752768904,1012.8552214206304,395.7584271435443,32.04333801281036
2026-01-23T16:00:00,23.49835793058163,71.59955939473414,1010.3531416990269,418.5064932041021,32.572186039494696
2026-01-23T17:00:00,22.881966815408983,73.18498910644907,1006.6794278497067,410.1995924827514,31.19934170783044
2026-01-23T18:00:00,22.443500787014877,71.99961823585818,1012.9996015481956,396.15645139964323,30.321626745012928
2026-01-23T19:00:00,23.107302758458708,71.89994096093396,1014.453549234103,400.2844555134118,35.99763016617252
2026-01-23T20:00:00,22.622943019578322,72.10319977869447,1008.5607825847972,409.21068910492875,33.76125694999925
2026-01-23T21:00:00,25.587651352685235,69.22859231461932,1010.5033703262368,424.64028210244606,29.024643567522677
2026-01-23T22:00:00,25.068836502093248,71.37896640534528,1014.1855002839629,396.7144512655347,30.571476439391358
2026-01-23T23:00:00,25.95324682139096,66.69826257684257,1008.7522005938454,422.7273695793621,25.23385512204173
2026-01-24T00:00:00,26.492711335358504,68.13109432653988,1011.2979516323977,430.2111451031976,34.39893011513015
2026-01-24T01:00:00,28.014185881416466,70.94939183765506,1014.4881973386986,448.08147177688426,27.150557017812062
2026-01-24T02:00:00,28.7945954035056,64.72487435160804,1012.8317498252618,441.6952659364991,27.47420461693693
2026-01-24T03:00:00,30.040194258325183,65.90353852864534,1011.2861821195808,436.0017702811513,24.765736116424037
2026-01-24T04:00:00,30.965732957188045,64.49964867953682,1011.8799503315194,462.0643670915418,27.500059392201404
2026-01-24T05:00:00,29.831337816687668,65.5741038464632,1010.2574108096196,453.4979477583063,27.86295727947864
2026-01-24T06:00:00,31.356590387056542,67.84229688290833,1010.9983662291646,451.460677235528,30.185719788492616
2026-01-24T07:00:00,31.53709354292773,62.30747682347094,1013.3734342937257,462.1338931165147,23.413807158162314
2026-01-24T08:00:00,30.267330302144636,66.85143144853429,1012.8543401105057,456.4590710062226,24.268829679265323
2026-01-24T09:00:00,28.622814851298198,66.51374170682521,1011.4578022332413,453.175447968226,23.90156730610897
2026-01-24T10:00:00,29.444287900800532,66.86378783915202,1010.5197415335768,453.8403473301349,25.83298552302233
2026-01-24T11:00:00,27.54774775995726,68.06353604586279,1011.9705744783361,425.6098355054233,30.525032213859266
2026-01-24T12:00:00,26.993591701685435,66.48870007155345,1008.4920683019624,435.11700854751706,27.338185259636024
2026-01-24T13:00:00,26.048291773528472,71.51501553297278,1007.0187703355527,438.7600116565745,35.91570671778237
2026-01-24T14:00:00,24.313946872342658,72.17819195589618,1010.3760797798956,404.98993029057965,30.51915218059415
2026-01-24T15:00:00,25.450928769518743,69.96259181870941,1012.0997028148113,422.95046992874,26.883823471615912
2026-01-24T16:00:00,24.584158580976943,73.07391432647886,1012.8584207577508,398.89015617772895,35.83980193007422
2026-01-24T17:00:00,23.342581118138032,72.21326367456255,1014.2731340173755,411.08907155983275,27.33913443979308
2026-01-24T18:00:00,24.04322487812571,70.92396586423541,1012.6483149154519,412.38114038863785,31.293708065053316
2026-01-24T19:00:00,23.65986052464624,71.06702893203224,1011.6448210757789,399.24965733185314,28.101618905874304
2026-01-24T20:00:00,23.33418099400005,72.91153319913191,1011.3262139851316,407.01643982263363,31.033824681958706
2026-01-24T21:00:00,24.54528022756356,71.26173788467466,1015.9488914065547,395.6055704724235,29.371417974399126
2026-01-24T22:00:00,25.40111591089445,65.90886332911488,1015.482680944479,416.1066992206194,23.36021259061044
2026-01-24T23:00:00,26.644252073605518,63.88858312470717,1012.4244795280682,411.63153717473244,25.062365953320587
2026-01-25T00:00:00,27.26184047544451,69.37559185357561,1012.8226555449783,455.03667041882477,29.210822936022254
2026-01-25T01:00:00,27.79592684308515,69.81549527659195,1011.8693925469778,441.4890486960936,13.521748321820496
2026-01-25T02:00:00,29.317270211567642,65.99664829095718,1011.1301984139869,434.62384603258755,30.21025928920558
2026-01-25T03:00:00,28.39925933502317,73.17892105810012,1014.3082414832892,452.1152994753653,39.22674129293243
2026-01-25T04:00:00,30.656360484270788,63.284974660499,1014.0541613403784,432.01818764045754,27.099743989729433
2026-01-25T05:00:00,31.70237398084583,65.30803254084717,1009.0975896307158,456.6095636732261,25.623272139931856
2026-01-25T06:00:00,30.480452245551945,60.59168071507407,1009.6290017307794,448.9911938056,27.316390414929618
2026-01-25T07:00:00,32.79091174242696,65.08084970315691,1010.4234821341771,449.0956954147664,30.28534278168117
2026-01-25T08:00:00,30.893755023062898,65.66683023429967,1012.4761846510671,466.04213918723923,35.31056059606578
2026-01-25T09:00:00,29.83514880560239,66.0494405090281,1013.0088385919153,442.1317830492426,17.864096292031945
2026-01-25T10:00:00,29.345611468861538,64.65635266463889,1014.633206226212,444.68913336159727,31.649143759497907
2026-01-25T11:00:00,27.434984961753408,69.91439365139011,1008.7367379440573,447.7224661067491,28.391091937254718
2026-01-25T12:00:00,27.656202135799774,66.75881104877024,1013.3649298606425,436.03161080021977,28.66378784201337
2026-01-25T13:00:00,26.27459910912662,71.94119250368385,1010.8774030288544,440.3704698298873,29.342361216163425
2026-01-25T14:00:00,25.844864578614285,73.60354863406963,1010.4033563124003,391.6276062919473,32.57738711277171
2026-01-25T15:00:00,23.687390200669938,69.5971264305291,1011.3414729430864,405.916868503753,34.842003460328776
2026-01-25T16:00:00,24.323672731879917,72.45926695138189,1016.6242701569686,399.10010700048963,21.134361039266892
2026-01-25T17:00:00,24.552780933632285,70.45872108883968,1011.8886330682117,384.2168771733932,24.3143224366812
2026-01-25T18:00:00,23.48433209676876,70.52624917891379,1007.6942592462876,393.71423504163283,33.96490102233561
2026-01-25T19:00:00,24.03136675279114,70.80322089137191,1017.6679939544745,418.17255259093764,37.203315064816366
2026-01-25T20:00:00,24.469203938455195,71.68711346495158,1009.3215965703695,389.1450506543863,27.615580818064323
2026-01-25T21:00:00,24.35242286589351,70.12022363953588,1012.7494088936087,412.08235569281186,31.395202165459164
2026-01-25T22:00:00,25.691284156282656,69.06287206010906,1011.424029970271,386.0444749292992,32.23287753367851
2026-01-25T23:00:00,25.423388006442085,67.44300429409859,1013.73537476117,434.5508297844298,30.329966171047484
2026-01-26T00:00:00,27.667105194928826,65.27819413570317,1011.5416049984256,458.3998873043097,94.92454698117132
2026-01-26T01:00:00,27.864517100740702,68.99129718016607,1012.7494091403123,470.06123188032086,92.36611342696696
2026-01-26T02:00:00,28.90049373813431,63.97862646923339,1012.7091652177911,474.33128000699486,69.45785015474112
2026-01-26T03:00:00,29.65380640512125,65.93128455407856,1013.1233767061934,480.12794249101444,80.36455303640099
2026-01-26T04:00:00,30.846063484603782,65.72929317792789,1013.1383415257443,503.89638609644084,67.53308104663058
2026-01-26T05:00:00,30.809192477992546,66.57150886694424,1012.0498782078577,492.9655282134198,68.43627976372993
2026-01-26T06:00:00,31.377102053379325,66.05388901900032,1010.4991466732163,494.4041311887473,69.57413753237694
2026-01-26T07:00:00,30.913409398463152,65.30333728173767,1012.7927777588948,497.9086857715474,95.41079332129888
2026-01-26T08:00:00,30.211507536152528,67.31017160267939,1009.0649649383572,487.85894423218474,92.16432943058687
2026-01-26T09:00:00,30.40819570018914,69.09352219252217,1010.5185151973895,492.21499554822594,92.30944848813543
2026-01-26T10:00:00,29.082333626927163,67.89829585406068,1015.0935390162396,485.07098593524125,79.14812774816501
2026-01-26T11:00:00,27.54945077227898,69.63666785377478,1014.6246319158627,468.5387142249825,71.84008264235615
2026-01-26T12:00:00,27.303791761075434,65.86340155367394,1008.0830093408833,459.6668781179372,75.94716316155622
2026-01-26T13:00:00,25.683971682029117,69.17335706037103,1014.5933133124504,447.6342947036924,75.00283827095836
2026-01-26T14:00:00,25.328274060436282,66.47829390477523,1011.263083274151,448.33363344120414,77.12212188519896
2026-01-26T15:00:00,26.035996971827043,68.24630911243761,1012.373048129776,441.50530956671,83.64722116723873
2026-01-26T16:00:00,21.326138584676084,75.25272618945482,1009.3571454674155,427.042305240668,105.20853496031233
2026-01-26T17:00:00,23.36001866701513,70.5294680425672,1010.4645347866211,448.66053182278716,89.0006981187742
2026-01-26T18:00:00,21.62556616168513,73.3564309541328,1012.6359832157168,423.677314085075,81.439953078921
2026-01-26T19:00:00,22.795740224287123,71.9434602023154,1009.130642851786,430.23708385411857,87.47743153699565
2026-01-26T20:00:00,23.237623376884297,70.65574923828372,1011.443022272221,457.8321579314172,89.4097709240776
2026-01-26T21:00:00,23.572756227191167,72.2879520017597,1011.5718440658962,445.2251878346823,90.04907027918341
2026-01-26T22:00:00,24.16457615448554,68.32743775748591,1016.0744518050465,458.57790022834314,86.92239012105003
2026-01-26T23:00:00,25.92262769129442,64.35908758482401,1012.3226599872062,457.0670301986104,75.65008052039106
2026-01-27T00:00:00,26.845684084719355,70.40770340620618,1011.6983109128093,459.8524403273011,82.9922738582888
2026-01-27T01:00:00,28.78277824570357,66.22476672121125,1012.726741849635,428.0209541181897,21.766145967657543
2026-01-27T02:00:00,29.503515630382,66.5211744108646,1013.2748763946607,451.34017782514974,21.087777107898138
2026-01-27T03:00:00,29.912276917236372,61.65854167393875,1013.0387207964026,434.65012311978484,25.430205334229612
2026-01-27T04:00:00,30.97226977423348,63.743252450331966,1011.9539059470123,466.31842910359916,18.404685916934103
2026-01-27T05:00:00,31.314246725466095,64.78535587854303,1013.8962907090045,434.3254517562574,25.76389516757657
2026-01-27T06:00:00,31.772937498907655,66.89997859530202,1010.4614915409898,451.64556576216404,34.59563461018043
2026-01-27T07:00:00,29.869834005223954,65.6126368831155,1012.3548499668503,456.24730030553087,22.591860851372775
2026-01-27T08:00:00,31.13923082391984,66.46568195420622,1015.6322777547302,442.1350205888124,24.99920118841218
2026-01-27T09:00:00,30.59604259985531,68.7538232190894,1011.980051686473,429.34135418759416,27.663353364565037
2026-01-27T10:00:00,29.67529985310123,67.21596318026613,1014.225891943701,465.5991160289272,25.72590057441008
2026-01-27T11:00:00,27.402169095529516,65.27284905736845,1011.7544355379703,448.6994133919116,32.999721764229974
2026-01-27T12:00:00,27.153139767528902,67.90695253407836,1011.7342288039607,444.71665052202366,24.886839821981685
2026-01-27T13:00:00,25.891273687029173,68.73219796546101,1011.9456785499731,445.22813730323304,24.944651234963633
2026-01-27T14:00:00,26.718690834980478,66.91443985909959,1010.359022814306,409.5695616079866,29.83502322553851
2026-01-27T15:00:00,24.161715946824238,72.51306930124649,1010.3526699385826,392.2437317032652,29.67541117028805
2026-01-27T16:00:00,23.7317400309245,67.67509895237876,1011.7869758774673,414.77634140770806,24.545938556678692
2026-01-27T17:00:00,22.55951029132198,69.36204224803744,1011.7130936562224,411.32777224970465,39.94365217636925
2026-01-27T18:00:00,23.815648571345868,68.0240690340456,1008.9264050712057,403.67664747200763,34.30479833874932
2026-01-27T19:00:00,23.59629301077834,69.66832046950607,1014.0032798776405,422.38007772651537,35.014786001749535
2026-01-27T20:00:00,22.789408298005355,72.24331247417238,1009.4376478710496,398.6838112694226,25.85590417570093
2026-01-27T21:00:00,23.98820607749554,67.53741419612558,1013.5498494011284,412.1744426913545,24.218341768309152
2026-01-27T22:00:00,25.339806567647926,72.38964742101082,1012.6907705371076,410.49607713826094,29.93733560347685
2026-01-27T23:00:00,25.891840056038003,67.48345919826129,1008.5765419972423,418.9875447720867,32.609304918904556
2026-01-28T00:00:00,26.420931852891957,64.6025835743439,1011.8224362282442,443.233686257727,18.732094325914776
2026-01-28T01:00:00,28.16830205384632,67.88824969824911,1013.0737127420057,443.1556188345053,30.3543275240846
2026-01-28T02:00:00,27.891241496249336,68.51912401732,1014.7550270230424,439.8401527619242,29.849065810468485
2026-01-28T03:00:00,29.11833590586253,68.91129101332317,1010.763238394107,467.4714741990632,27.118133685002956
2026-01-28T04:00:00,30.93853737378558,63.78233324867299,1015.7555057044456,427.98502061335796,26.52490718421492
2026-01-28T05:00:00,29.408090443010064,63.663974993633545,1015.7839869430811,465.04439948663776,16.922618598558238
2026-01-28T06:00:00,30.99577865012495,63.56403923853556,1013.1395928732616,477.20488751017007,27.510403556223324
2026-01-28T07:00:00,31.167960103015947,65.68171431957208,1009.8149801202355,462.56176391321304,30.061583538969195
2026-01-28T08:00:00,30.035452264555587,64.28667079276957,1014.8999609137832,454.1601131361225,20.8513976903081
2026-01-28T09:00:00,29.531567567448963,65.05970935702699,1011.870972654561,446.8051056355252,24.944690991977687
2026-01-28T10:00:00,30.171755424568268,67.12715721562974,1014.9659799871769,422.16417027631906,27.833570644903958
2026-01-28T11:00:00,28.857619921690933,67.96472809177219,1010.641304311535,427.3989089585045,31.815384950456863
2026-01-28T12:00:00,26.851240021975947,69.41561148033185,1012.3132290461223,428.58833228521877,29.472846761017784
2026-01-28T13:00:00,25.384002320802853,72.69516415477767,1013.0963597534726,440.32157562519956,29.169827242696666
2026-01-28T14:00:00,24.621624980012946,69.26421241072075,1010.2768180092747,425.6378392912131,31.734975514775666
2026-01-28T15:00:00,23.812379102787087,69.91076806532361,1012.753204474939,403.2912576427689,27.700224983013417
2026-01-28T16:00:00,24.628239652129658,68.40425566220276,1010.966355396187,438.4061265026434,19.7774909807617
2026-01-28T17:00:00,22.307234491448938,75.3488171643041,1011.1809041036823,411.84981370458723,41.62280058207206
2026-01-28T18:00:00,22.49807416705421,70.41852769088109,1012.8215727990254,404.0901243265631,27.593259560204945
2026-01-28T19:00:00,23.04297008244737,68.50936851317822,1012.9314474841035,415.8657856304122,27.710752829815423
2026-01-28T20:00:00,23.379229466862416,71.99418311393192,1010.9235267332887,404.6517972916534,30.52259341526323
2026-01-28T21:00:00,25.20198098587003,69.33997434463515,1011.7725446339665,410.3525572061149,27.4028040214378
2026-01-28T22:00:00,24.324556879890437,68.30212788719761,1013.72070236942,410.67073983379333,28.58089527139219
2026-01-28T23:00:00,25.631335254674223,66.4391037490486,1011.0704958440826,440.2928001646278,25.249045821987984
2026-01-29T00:00:00,26.526538659346674,67.5230141702942,1011.330728567574,432.74211311643705,26.019513802260416
2026-01-29T01:00:00,27.966957988296986,66.24459982504906,1012.715001971958,440.20558270218714,27.617956907273566
2026-01-29T02:00:00,29.44318925553268,65.84694970130012,1014.4258935077399,448.09430858675154,32.444206403445605
2026-01-29T03:00:00,29.772629147968097,66.3261479340729,1010.635637965184,447.8651985046304,30.10041482359495
2026-01-29T04:00:00,30.20825350674159,68.41774871085019,1012.0513459253857,470.64875253239614,24.097211522395668
2026-01-29T05:00:00,30.66989989629856,64.07135990318264,1014.0212632479897,461.85338141658923,24.94429499217376
2026-01-29T06:00:00,30.680941501865902,65.001572205293,1013.449172580274,465.02888921424284,25.662631315892753
2026-01-29T07:00:00,30.550748731756666,65.36353566698611,1012.2585431857491,457.1786132392589,24.340495925918983
2026-01-29T08:00:00,31.682432135976104,62.996468064174444,1015.0249420885484,468.3745986455383,28.28598061812901
2026-01-29T09:00:00,31.140271560658842,65.7994569037048,1011.3666280160077,441.40081007637053,23.77531261743419
2026-01-29T10:00:00,29.58614168224601,62.96988152837658,1009.1552888040826,460.88971856370404,28.530442252248868
2026-01-29T11:00:00,28.3253078037905,68.78645303474995,1013.5485861025545,434.22804106971955,22.67596906103039
2026-01-29T12:00:00,27.898162949939735,68.1738607718797,1009.2475661072759,431.70755527188084,26.246816342021994
2026-01-29T13:00:00,25.883971377137026,68.23688145454702,1013.102417219858,421.02854334233956,23.546002560766595
2026-01-29T14:00:00,25.471106633240176,70.19471591861684,1009.1484400314313,422.40955922598823,33.08680650641801
2026-01-29T15:00:00,24.064823893047464,70.72349848990866,1010.4713403220894,391.3214666839139,31.993771719271567
2026-01-29T16:00:00,23.47437824553003,71.6797027043976,1011.5304419520411,405.2250876419204,31.224972579237185
2026-01-29T17:00:00,23.09197188103399,72.85898080016963,1011.1522212767131,388.5190855792979,31.97773858285353
2026-01-29T18:00:00,22.08775770278165,66.86184461588576,1009.8064403169226,399.73693795596637,24.019512193222784
2026-01-29T19:00:00,22.06062837202953,71.5022066026049,1014.4329317149412,415.8048661152095,30.48448845440597
2026-01-29T20:00:00,24.180682393574436,69.37466741170239,1010.236006204815,416.4908836194486,24.627955327469316
2026-01-29T21:00:00,24.405380850602327,70.02435223125963,1011.2745052795364,406.82561396647344,33.96592223216693
2026-01-29T22:00:00,23.887445028170415,71.02803879012421,1011.4228617776255,408.60294596872893,30.275401618260503
2026-01-29T23:00:00,26.185786138253594,68.53148215144073,1012.4900755790236,440.5076111457487,25.96845036063181
2026-01-30T00:00:00,27.292564782228375,64.28875300478863,1012.9139082661485,407.5967149740115,27.927574832070345
2026-01-30T01:00:00,27.702653834672173,67.76613814836325,1009.0890311453791,436.7587535544221,31.132348787835006
2026-01-30T02:00:00,29.433893325932285,66.01838518074706,1011.9870548033585,456.2452511980225,29.55683090536322
2026-01-30T03:00:00,29.39109370823039,64.9274653245023,1010.6402674867628,447.24987963501326,21.20655146665466
2026-01-30T04:00:00,28.953241340735747,66.00079245600675,1012.505763983159,453.88773825016506,30.94051574373303
2026-01-30T05:00:00,29.958950780953735,64.60652744861129,1009.1151480983991,457.09810208204914,25.206237514204197
2026-01-30T06:00:00,30.66342314326166,65.15214547999312,1010.5862248160713,442.73565374264865,32.328533305469634
2026-01-30T07:00:00,31.430945106023707,64.08691674767529,1008.9171140934448,451.57661639793537,27.55784640614971
2026-01-30T08:00:00,30.583020577717477,67.15186979524107,1014.4537565446744,450.6360556473793,25.533972257241416
2026-01-30T09:00:00,29.48235187116093,65.18717011510131,1013.8090992717907,442.5878881460669,19.30790497310243
2026-01-30T10:00:00,29.325476390677473,65.94175458339757,1011.0656220020645,418.9379065131773,31.239438249310343
2026-01-30T11:00:00,28.522721587016978,64.50805842801991,1012.3035471865204,423.46569506000463,20.11322878186086
2026-01-30T12:00:00,25.530906874167435,70.73394293220092,1013.7598324800107,426.2819203622981,29.674397755949453
2026-01-30T13:00:00,27.19317819211448,66.33466616077402,1009.6304942977796,425.0600538066614,29.032263914377296
2026-01-30T14:00:00,24.792180646877384,66.91408479567349,1010.4655753456699,425.7200687228442,30.098870481814632
2026-01-30T15:00:00,23.00209005957217,68.75311522208315,1010.0296988323225,412.016968655979,37.35445383041361
2026-01-30T16:00:00,23.335823227869376,71.05555150345957,1010.4057095329416,439.373143953028,27.73119582365301
2026-01-30T17:00:00,22.77807286407574,71.68997843604522,1009.3512713337826,415.55702789984593,30.549665040224408
2026-01-30T18:00:00,22.410095758816443,70.48030700580135,1008.2119283325883,398.33334187510945,20.637719682555172
2026-01-30T19:00:00,22.820972089891715,70.35207454858772,1010.8220392394596,398.8576373036361,26.27853603947088
2026-01-30T20:00:00,24.39972070095163,72.95868639151153,1011.6608792979595,422.0734377148803,30.24508375884023
2026-01-30T21:00:00,23.959870049931183,68.7745444496649,1013.3949346618813,419.73909334814323,23.38029355566067
2026-01-30T22:00:00,25.111984670264007,68.47636344537436,1010.1961572322278,417.1916346813658,20.658096749747298
2026-01-30T23:00:00,25.66096602594954,72.85025920386323,1012.8713466561628,409.9026030876861,33.60866481000126
2026-01-31T00:00:00,27.06203088340926,67.30875300014834,1010.8284653331476,430.00826399418617,25.146537531035804
2026-01-31T01:00:00,27.914037542442124,68.74777389923594,1013.631428613453,420.9129143263499,26.64988199950572
2026-01-31T02:00:00,30.124837020753073,69.09321873897653,1012.739535413206,461.81488902501536,33.597998113876024
2026-01-31T03:00:00,29.73603510933085,61.81858226541346,1011.8776580165826,432.29142878033696,24.218506407117797
2026-01-31T04:00:00,31.68643910165105,64.74825848332321,1010.4296677310871,437.6186288065163,17.871968595412252
2026-01-31T05:00:00,29.529486638096593,69.22994385764831,1013.7119157000443,452.5756853066152,28.249089131348676
2026-01-31T06:00:00,30.963621114473572,64.80564104857837,1014.7842334063267,459.6814819704438,17.834194191159167
2026-01-31T07:00:00,31.606168360671308,60.45543386809319,1011.1876127623749,437.5154040189327,22.880238892136173
2026-01-31T08:00:00,29.584104160639143,63.177138835453064,1009.9069383140409,461.41637766438254,23.88109659706949
2026-01-31T09:00:00,30.295459628848164,68.08423095276983,1012.4766878348447,454.51890310979,24.181017023186115
2026-01-31T10:00:00,28.940807276786447,64.14966567215151,1013.107640056217,453.3746430770248,29.168107229169372
2026-01-31T11:00:00,28.01551396525268,68.97849784239584,1011.7093365993895,429.73275485673787,30.693169142236403
2026-01-31T12:00:00,27.508171051642456,72.00078704802293,1013.4582622204186,416.78876154823246,26.888092937326437
2026-01-31T13:00:00,25.05352827567674,69.71192452786381,1009.8006303473059,439.87746276769354,28.032316430626917
2026-01-31T14:00:00,25.449228016986243,69.54400561039917,1012.6876411280294,405.0618876768553,28.946849563865964
2026-01-31T15:00:00,23.87241541461733,70.29949776078092,1012.2493777796104,420.50001202387193,27.747419515713226
2026-01-31T16:00:00,24.112421983853313,70.96852980445156,1015.2775314252021,368.5982159378908,27.507252418352405
2026-01-31T17:00:00,24.017300329687178,65.3436652478371,1014.9692720156762,406.83833692313254,17.971647079497473
2026-01-31T18:00:00,23.507913536037883,68.6885220289944,1010.1743799734998,422.57575359710455,26.934372788167863
2026-01-31T19:00:00,22.464748586252433,75.64412337198391,1013.8581499285851,401.83702784502725,30.192957161213
2026-01-31T20:00:00,23.393126475903486,74.04008318865453,1010.0349873914109,393.0628265962845,37.32625835884797
2026-01-31T21:00:00,23.974087361944626,70.6216431154393,1013.0497570461288,407.6414433817878,20.138824235154047
2026-01-31T22:00:00,24.851481813402902,72.20090684334127,1016.34489593084,416.0855671040021,30.825954249262644
2026-01-31T23:00:00,26.92054979198859,69.25496411029478,1012.590833032088,399.77994387818654,27.21307338858159
2026-02-01T00:00:00,27.150326909157425,64.85165375679193,1011.2679037561664,450.50217536500355,24.76755775840671
2026-02-01T01:00:00,27.031223701394293,64.20081821581566,1011.9774248761244,429.5377954186728,21.866505120024627
2026-02-01T02:00:00,29.159256698413248,66.84220495167965,1012.3491605350853,446.70588216422226,22.273563835425456
2026-02-01T03:00:00,29.38007579251981,65.44361755466383,1011.8923536695581,459.55255091497406,23.297762556214053
2026-02-01T04:00:00,29.919802194875363,68.6389266301576,1012.3169001270173,434.87414259090684,27.20336088221378
2026-02-01T05:00:00,29.99837081768977,63.327375246986215,1009.3314750739712,444.59643089622017,32.96803049199136
2026-02-01T06:00:00,31.70733648120387,66.99747204402252,1014.1752220591588,453.3814288985299,28.911983195613267
2026-02-01T07:00:00,30.935677238876558,62.71530955846747,1009.6751367474052,464.95234802971504,19.427139482024728
2026-02-01T08:00:00,30.604750484971543,66.42040419595513,1013.5054729593554,456.08181384961523,22.091373532367694
2026-02-01T09:00:00,30.206705209695933,65.1581066317058,1010.0448975438367,423.8126238214936,27.81550543847432
2026-02-01T10:00:00,27.91328942762013,63.85471185277692,1015.4958331719689,428.0835393201868,23.418386565151057
2026-02-01T11:00:00,28.08553185935135,67.27201252704317,1009.9613844337831,427.9705702612566,30.713022687405775
2026-02-01T12:00:00,26.804850890959294,68.10982544784797,1007.6747947320348,423.1156358400213,31.50652692885827
2026-02-01T13:00:00,25.45428193322219,67.3335141796393,1012.7498069504031,430.7134214498754,28.868420917989255
2026-02-01T14:00:00,24.603543982281796,71.41641565825788,1015.2579385957206,431.539584691976,24.138158996682435
2026-02-01T15:00:00,26.22221935309284,65.97101967034011,1009.5481686916947,415.9750668608088,26.20227297161766
2026-02-01T16:00:00,23.788843629686756,73.19220931450779,1013.8610249284094,397.62762748685526,31.92281568422448
2026-02-01T17:00:00,23.84414243606349,72.63050987565202,1014.2489077822096,415.6612549145314,34.0729653794844
2026-02-01T18:00:00,22.640539139603074,68.8512132231009,1012.8447892155137,399.55165866793254,33.57390568159144
2026-02-01T19:00:00,22.525504773922524,70.81721842253887,1011.143802137131,417.45554391196066,32.977833073783515
2026-02-01T20:00:00,23.551872800201508,71.34253861990928,1015.2295258527048,387.19741081985603,33.33192367871473
2026-02-01T21:00:00,24.927555887521514,72.08650373965447,1013.605001366188,403.0353662262631,28.70439193517366
2026-02-01T22:00:00,25.46352513185169,68.05058381855274,1011.6033160630528,399.4370076112263,23.265626721218297
2026-02-01T23:00:00,26.2073846734796,67.78208841197913,1010.4825015713461,421.2758460131468,29.0530255693041
2026-02-02T00:00:00,26.81712575658386,68.49145629804671,1012.1769601955228,426.9819721830577,28.298614922266072
2026-02-02T01:00:00,27.414189282411133,66.6654595280642,1008.3258561782586,422.4733244150298,22.317616713112745
2026-02-02T02:00:00,28.72078148449291,68.88402090771895,1011.9819345391395,444.3055914069986,24.849038867342227
2026-02-02T03:00:00,30.029405220261417,68.96802839486165,1011.8255178398664,437.7808618267459,24.014121021688805
2026-02-02T04:00:00,30.6481340521952,63.19887709606441,1013.4267751744621,439.5028307651555,18.014744393951744
2026-02-02T05:00:00,31.199670201070525,62.05285769984355,1013.2122691760219,466.59728088550224,21.46574865744933
2026-02-02T06:00:00,31.14581333101796,67.46766548999456,1011.0703397419403,474.18144724190586,26.313136353509844
2026-02-02T07:00:00,30.207306719458852,65.62924298813469,1012.4502539259682,467.76051420882504,29.886128480523293
2026-02-02T08:00:00,30.722768259510374,66.33415292156617,1012.3617582838966,461.1559048143946,24.759079116541027
2026-02-02T09:00:00,29.071541331822488,66.75988106843502,1017.3783134511908,457.3698327267258,24.331852985995862
2026-02-02T10:00:00,29.97573774383966,61.89043444871401,1011.4962041124812,447.269068080645,21.03035581158218
2026-02-02T11:00:00,27.619345543883487,67.16452556645754,1010.9149966412083,427.0607050670078,23.078283276676864
2026-02-02T12:00:00,25.907960095532257,66.94080878893404,1011.7968983812491,442.0764545652362,24.604981090720894
2026-02-02T13:00:00,25.11653842464505,72.71766265211666,1009.7134852061863,424.66463125841824,27.55684833366426
2026-02-02T14:00:00,24.496753830847002,70.77572703252103,1012.92231484821,432.75214184151105,32.61805514040701
2026-02-02T15:00:00,24.279395363150787,71.42562808350614,1009.9395151641424,426.8485659097563,32.52860314519907
2026-02-02T16:00:00,23.878752900413936,71.69401320758844,1009.0405765580933,394.74218973752687,31.114943561568563
2026-02-02T17:00:00,23.237752467232507,72.15987555738748,1012.213154553275,403.63770463958514,35.94305298270477
2026-02-02T18:00:00,23.244699223312274,72.49756095154287,1014.390414605273,420.1675276485877,32.41904977981254
2026-02-02T19:00:00,23.644341408200344,71.21653479914572,1014.1450466385475,433.219344716756,26.0719965791831
2026-02-02T20:00:00,23.008984247908202,74.36018119077617,1012.3722603553106,403.19052793662877,29.675623261989447
2026-02-02T21:00:00,24.827773545042593,70.85850434144857,1016.0154940562846,411.2279789433926,33.60726761792105
2026-02-02T22:00:00,26.15772287917637,65.8059890327286,1009.8932181890599,420.757078790563,24.17392740762515
2026-02-02T23:00:00,25.669685822726784,67.74240722412678,1011.7041553094724,412.6812247741937,22.700710117728534
2026-02-03T00:00:00,27.26962415302312,68.03394838311421,1013.9577411985814,436.26338798432636,29.719576844990566
2026-02-03T01:00:00,28.562299847107496,64.9204452310458,1011.0030935108008,439.7688394185653,29.58381908831349
2026-02-03T02:00:00,29.45258842123312,65.61397386948828,1011.6274236052275,445.49834471597757,21.70424446052446
2026-02-03T03:00:00,30.422420130751945,66.80664672404049,1013.8580836280524,459.5988824256741,31.156200784208398
2026-02-03T04:00:00,29.145261616235985,66.73434066354245,1009.1402726289159,440.21826866599673,26.582812356432765
2026-02-03T05:00:00,31.691836627194025,64.90883854115192,1012.4628698308269,475.5756198504352,26.80027691341476
2026-02-03T06:00:00,30.335194391001615,62.54409144609278,1010.2541388433586,456.34277435405056,18.01827399349646
2026-02-03T07:00:00,31.170472043487422,65.2814105912757,1010.5599664850026,455.397705803803,28.162924929448206
2026-02-03T08:00:00,30.021744400659735,67.04821186258096,1010.5665676922924,458.7008409669686,33.16430342359443
2026-02-03T09:00:00,30.0538622392094,63.00997267298658,1012.1774241694889,448.6503563148111,21.062133670692006
2026-02-03T10:00:00,28.11835459924436,66.342063416154,1013.736710864911,452.3146318483961,31.638998432864742
2026-02-03T11:00:00,28.003880960430926,71.1261258379599,1010.3076958114649,441.76024255396317,29.221877274013217
2026-02-03T12:00:00,28.043982812430777,67.22931807432401,1009.9358311714922,432.90211811007896,22.972531958159003
2026-02-03T13:00:00,25.35415032515138,71.16940457019486,1011.9593763299051,433.79662349744666,26.72398845051905
2026-02-03T14:00:00,25.907750193403892,68.52315685084288,1008.0852634376314,406.7514750965919,22.7763888353256
2026-02-03T15:00:00,23.14690211728912,72.10346812138764,1012.7313165025698,419.4120571191806,27.92328944005931
2026-02-03T16:00:00,23.908094485637235,67.53737608503474,1011.0342212063081,406.444256564297,25.39489946190513
2026-02-03T17:00:00,23.20661875070487,70.98922404810949,1012.9422347947957,409.4940952544472,33.913582708608125
2026-02-03T18:00:00,22.66383021331799,72.7719675299627,1012.5549560804246,407.9170719524006,31.875251417482872
2026-02-03T19:00:00,21.626761266388744,76.1335577585495,1010.169367031032,396.29448719627254,32.404296142233505
2026-02-03T20:00:00,22.618896335525065,74.99665102797225,1010.7605987635123,400.14358110584556,29.578943406767635
2026-02-03T21:00:00,24.477500312401467,72.80968127382732,1012.5455005476449,403.03205042787823,36.65789968865907
2026-02-03T22:00:00,25.1984950188593,67.99636760338669,1011.855966792772,419.07606185345753,28.94576112719419
2026-02-03T23:00:00,25.965855650355167,68.87514901945643,1015.7256135107349,457.5340253742144,29.30466264009142
2026-02-04T00:00:00,26.357951317161035,66.41317778837315,1013.6262615415709,410.5112348835005,26.162002411237868
2026-02-04T01:00:00,28.31173725492038,67.3139548889164,1011.1906851480485,458.5237238355174,30.704785059150417
2026-02-04T02:00:00,28.670410040300048,68.23018913836982,1011.6321024547376,436.30489361980034,26.530802414723947
2026-02-04T03:00:00,30.656191590878066,63.95694443054309,1011.8573894776302,459.9182072954757,26.3863024972006
2026-02-04T04:00:00,30.63238719716153,63.76347147469093,1016.6617051950858,461.4701858523038,15.560230108781893
2026-02-04T05:00:00,31.776632231018425,61.60655619226197,1009.2559289959818,445.7729251337093,28.556016939034386
2026-02-04T06:00:00,30.80930687529733,65.37379709131015,1008.6599847368019,467.9059798078615,25.092713714596805
2026-02-04T07:00:00,29.961200579758067,66.28067865210937,1012.9797441477247,455.168420413832,31.96216620508937
2026-02-04T08:00:00,30.872642526173912,67.90632634018934,1011.8904250885171,452.9653138622892,31.3911431619735
2026-02-04T09:00:00,30.639481490619513,64.4222086848326,1015.7716758974613,449.06192137784365,25.51489551440086
2026-02-04T10:00:00,29.309288369443383,64.44114064547051,1008.7079935442248,467.16917650940326,29.76583465364274
2026-02-04T11:00:00,27.388510310585993,67.9633858002199,1013.2470521921585,430.6149409505574,33.706861813623384
2026-02-04T12:00:00,26.653841121836013,70.26172342799867,1010.7391405960691,436.0860728701345,35.78264840189329
2026-02-04T13:00:00,26.296823587987053,67.58637775639849,1012.4433331200222,432.2277946230455,25.998252925712897
2026-02-04T14:00:00,24.723552458052467,73.34517462775896,1014.7939168396273,409.5408560173979,26.468374149375002
2026-02-04T15:00:00,23.273177640025192,68.75188735338129,1011.4320871127385,411.41372039845453,22.99129297415069
2026-02-04T16:00:00,23.644117144267742,64.87828754037072,1012.2796604552007,427.643255562237,20.95436332642808
2026-02-04T17:00:00,21.120521715778985,73.03668102188314,1013.4013485468711,400.9508502293994,32.44061071012956
2026-02-04T18:00:00,23.90374981990522,73.85573684591145,1013.196031556015,390.1679926549246,32.77667942490522
2026-02-04T19:00:00,22.436095646430353,71.62000760769774,1011.5172137517806,399.0003983273677,36.658635476928325
2026-02-04T20:00:00,23.376529690888837,67.93686787455503,1012.7590886727604,416.58266216596405,28.16000415367532
2026-02-04T21:00:00,23.62917002571019,69.83186773105396,1010.8223708845253,406.26620457865226,26.475172320388392
2026-02-04T22:00:00,24.845271787433177,67.01217923300148,1012.4935479152401,408.1116786552528,30.816899728529847
2026-02-04T23:00:00,26.231599661581438,71.62626447662518,1009.2714330405367,440.4639851216065,30.0721051156978
2026-02-05T00:00:00,27.43323336251612,69.43291902854855,1013.9223710012345,430.73907943024983,30.821342592882267
2026-02-05T01:00:00,27.97109610615576,68.67840142023893,1010.2164504897058,441.32508113436637,34.6324686999526
2026-02-05T02:00:00,30.404516852325845,67.4125675252492,1014.9227116737869,448.7832896801643,31.80404867379686
2026-02-05T03:00:00,31.18995475098561,64.53952847552826,1008.8245116380245,445.6339271562616,26.32159182379809
2026-02-05T04:00:00,29.88735139148214,63.29440546014859,1011.0140330478058,436.8905370043278,28.356734808862463
2026-02-05T05:00:00,32.056977193594115,65.3051784807477,1009.2108208735541,456.6330393353506,22.68049246785671
2026-02-05T06:00:00,31.19581724883738,62.997064992983354,1013.9656981973612,463.42788995569515,23.215545714325614
2026-02-05T07:00:00,31.216830310863823,64.75293340039772,1015.4548579264989,431.3292867882628,27.378624929583445
2026-02-05T08:00:00,31.33420621354001,63.7990539907223,1011.0018199788334,453.7782442413367,21.380397737009396
2026-02-05T09:00:00,29.452817996775565,63.98936884841511,1011.6449438857901,422.5739620390153,22.781460510144722
2026-02-05T10:00:00,29.390920244003997,65.33018089506518,1011.1762057192777,453.2875915215677,32.44230498566109
2026-02-05T11:00:00,27.519215993612125,69.99451794711636,1008.4990192962565,426.3205716273393,31.539344006156412
2026-02-05T12:00:00,27.180372585614258,68.09392099011043,1013.7297135611863,427.567361665534,31.1157627971204
2026-02-05T13:00:00,25.622437608916158,67.84707240356627,1008.2501927080391,431.6458359959278,24.421679147076
2026-02-05T14:00:00,25.70527180711389,71.05515392308746,1011.5556196989248,418.5470178457549,30.929873940862805
2026-02-05T15:00:00,24.028042943422616,67.46036859528047,1014.8914891284919,405.50848723855574,29.740137146328003
2026-02-05T16:00:00,23.739849682370693,71.18744076536832,1012.4378721269263,419.29436038521055,26.748287875481193
2026-02-05T17:00:00,23.830747280734002,70.86712683882324,1012.0784571550649,400.8707024218441,29.825364719790638
2026-02-05T18:00:00,23.405411259246684,68.53176999604567,1008.5588420594884,401.7027401344078,31.18060959744594
2026-02-05T19:00:00,22.92696585631945,74.00079401223208,1014.5920507484034,422.68199310682996,38.009717419256916
2026-02-05T20:00:00,23.72038378643851,71.75758477963652,1010.635809250176,376.1232967103625,32.25187557672646
2026-02-05T21:00:00,23.63135708889686,70.29257329658807,1007.0291830980808,423.09279268330556,28.797804541241703
2026-02-05T22:00:00,24.586475651814027,67.62097451154953,1010.3747874983643,407.33720407945344,23.850527935568866
2026-02-05T23:00:00,24.9756001040693,69.1999075900498,1011.3237220257989,433.84208299573436,21.833923841893625
2026-02-06T00:00:00,26.687927062222297,66.4669560062562,1012.6818279169801,429.37140785019415,30.32296205235467
2026-02-06T01:00:00,29.322002581565126,66.14453106822026,1013.0599912740668,427.47493504386347,26.193850928171017
2026-02-06T02:00:00,29.01740004306868,70.66380177183065,1009.7208790427394,440.8913387290111,29.942465446700695
2026-02-06T03:00:00,29.300396179817493,66.86457082423554,1012.0283473336624,449.1120299138703,24.316496685318977
2026-02-06T04:00:00,30.978313765372377,62.95644445911456,1011.2557075248313,461.8189133271529,30.061055956167944
2026-02-06T05:00:00,30.33854187173914,66.57485673902065,1011.829331495049,466.67599261936084,27.448244498230913
2026-02-06T06:00:00,32.18793740724221,66.91487364089635,1010.0535179163425,451.0785589927847,24.238406369697763
2026-02-06T07:00:00,30.807132671029752,61.31977604903446,1008.6526318127488,466.3857681110296,24.686803085795777
2026-02-06T08:00:00,30.99153998784687,62.99740614069759,1009.8978053678579,449.327854392348,30.029545031053804
2026-02-06T09:00:00,29.881212471587776,66.06101144305218,1014.3555525984178,452.23376701463025,27.37058327711377
2026-02-06T10:00:00,29.299176896336583,65.77928592092329,1015.1467738689784,441.24766835535405,23.563412940394226
2026-02-06T11:00:00,28.51239944229815,68.68342790719186,1011.0564925640406,445.15826996891127,32.784548198598735
2026-02-06T12:00:00,24.653792536783403,66.42761537958437,1012.8010132723646,418.8333071675169,33.64505843216739
2026-02-06T13:00:00,26.191566840303025,68.4435359296381,1012.1235302671985,418.9710002504779,25.742926410913373
2026-02-06T14:00:00,25.0852831920901,71.53761463304623,1008.9058567793172,420.3894211326602,28.677876064229846
2026-02-06T15:00:00,24.231833681629496,68.71095323296782,1012.2876826609863,399.4562848623658,28.41650553106334
2026-02-06T16:00:00,23.353686414109013,67.58653609760383,1012.8365385232394,374.60707745682134,26.207833139461858
2026-02-06T17:00:00,22.092885674591972,72.43970829504728,1011.327900931832,415.6553872828796,30.299368905348558
2026-02-06T18:00:00,22.850921290648227,73.56046245967465,1011.0703599086107,404.64370499987064,37.59736096855099
2026-02-06T19:00:00,23.599630617639793,74.68606561264461,1012.9181244232294,399.4961409926823,36.976446944286394
2026-02-06T20:00:00,24.181534791593066,69.70853032483097,1013.080210395857,407.3603250061581,31.188266244588274
2026-02-06T21:00:00,24.19440066045984,69.98466071347828,1015.3775499564535,417.79701167661125,24.06716512549512
2026-02-06T22:00:00,25.145890748481136,68.88496135535735,1012.6260354632225,420.3791332902061,30.084471140728155
2026-02-06T23:00:00,24.77584052505088,66.64350823559447,1014.8011816645233,423.2098387646005,32.402858678474075
2026-02-07T00:00:00,27.369324075815975,66.63834398689265,1008.6229510942834,436.1433732313599,29.11603656298192
2026-02-07T01:00:00,29.26110228287127,65.78608295341333,1012.1522633572531,414.7736559279826,24.02278732257875
2026-02-07T02:00:00,29.172161346044724,65.56067807728475,1010.2520896057232,459.51303772867413,32.70319600086149
2026-02-07T03:00:00,29.08072282588774,66.5332703874941,1011.1430122091803,465.4954968072734,27.923106562746838
2026-02-07T04:00:00,30.88219898622438,63.02417094936596,1014.6549964915573,448.0632060915798,31.96861162324288
2026-02-07T05:00:00,31.628422228583947,62.995343637885235,1013.0538380539986,457.06920167596627,23.61154339461856
2026-02-07T06:00:00,31.52491106253291,64.32912673074591,1012.0562616170428,447.42150174419936,22.452754679313692
2026-02-07T07:00:00,30.9173299175631,65.22349064981034,1014.1517489938665,437.893303139346,26.506383244147447
2026-02-07T08:00:00,31.57981898003412,62.98007369950992,1009.9130945051139,440.5316803512233,27.651915345735098
2026-02-07T09:00:00,28.94211283744973,66.48530832319716,1010.6616198256194,440.77197008621977,25.71453472821916
2026-02-07T10:00:00,28.73780901514301,65.87462853500067,1011.8920729582619,445.72739270526296,24.698199187888125
2026-02-07T11:00:00,28.364700583534677,65.94902910911087,1011.0918128342846,436.9727815738062,19.699400969860925
2026-02-07T12:00:00,26.425322210327632,67.12376334500762,1009.9543877044945,427.2211768841036,24.453678860558046
2026-02-07T13:00:00,25.326877212269302,71.37051270007187,1016.1649247762563,435.456758494225,31.551794498576726
2026-02-07T14:00:00,25.786788655493407,69.5989339496006,1011.4786221702093,418.8381681286097,27.775791072812705
2026-02-07T15:00:00,22.628201055757227,69.81469594315176,1010.3419865799641,418.12547281881996,27.346188617886742
2026-02-07T16:00:00,22.27607246819729,71.72197651410993,1012.5733697310922,417.5809683496824,32.06258108731903
2026-02-07T17:00:00,24.80971022845693,68.01743266432196,1014.6343395706054,416.9041275042052,25.47069813589181
2026-02-07T18:00:00,22.910336312055076,69.77946518740262,1011.7521775145066,399.6832730882206,27.466129347070936
2026-02-07T19:00:00,23.132626395841463,69.02229024940789,1014.249077739811,416.38923884853773,25.934497221887973
2026-02-07T20:00:00,24.13977972380449,68.18537485297797,1008.4319678620797,412.12810074234517,30.31593946641934
2026-02-07T21:00:00,23.654031296693507,71.72915721671359,1015.9209693199255,448.4708536694016,27.118639831809404
2026-02-07T22:00:00,25.22865577253082,66.95993868598015,1017.6629705484933,412.2699723756075,30.711920919295345
2026-02-07T23:00:00,26.030844955293738,66.66120023975216,1011.586328762256,407.28595557049925,24.503064703390493
2026-02-08T00:00:00,26.812319086799544,68.60003525272143,1007.4565410405044,429.2127050215453,38.632009563193215
2026-02-08T01:00:00,27.369062739201226,68.35645503770047,1011.1536920004046,402.60386941801875,24.267851455207225
2026-02-08T02:00:00,28.521562660044918,68.47672518761541,1011.9298402472639,439.8563188981017,31.026605586433625
2026-02-08T03:00:00,29.918823623198964,65.33506819731188,1013.336436788722,431.16277773137296,25.30958258231228
2026-02-08T04:00:00,31.34143014162502,60.24659672307334,1010.4186955993805,453.5264186702528,23.489124349490716
2026-02-08T05:00:00,30.628274557440307,65.9572213183847,1010.2269003517985,465.90154532092384,27.348837632240855
2026-02-08T06:00:00,32.270629358391865,65.47668972839944,1013.1031827402062,471.99318790351424,23.020753333138337
2026-02-08T07:00:00,30.658444310053248,61.57286435913619,1013.7409744520398,473.9981436933714,21.559055509832984
2026-02-08T08:00:00,29.612099967443765,68.15999392359957,1010.5253877398194,445.5975389532978,34.27001890108799
2026-02-08T09:00:00,29.577309826590295,65.56525924898474,1015.2237038303269,454.76823699341327,22.039554014089735
2026-02-08T10:00:00,30.0537089738564,62.074322454405085,1014.0149752726428,448.3821862838587,21.75844108185132
2026-02-08T11:00:00,27.490047375859255,65.38315619966316,1015.4580002243204,437.96367245837365,23.645722037960617
2026-02-08T12:00:00,27.401741305085245,70.08782921159084,1012.6376961936893,438.36380330464,33.277526144190325
2026-02-08T13:00:00,26.005849508649973,69.42850142781798,1011.7692494579403,411.6213446626992,23.931884857725592
2026-02-08T14:00:00,25.315434032122916,67.93084754617364,1011.9578867293204,414.52739438976306,31.832729465663615
2026-02-08T15:00:00,24.36754721582097,70.71890354559102,1011.4269683934394,410.6662657326383,28.543622077749596
2026-02-08T16:00:00,23.71061999305299,67.18331397698299,1011.9604993479505,412.7600453966812,29.001366869864874
2026-02-08T17:00:00,22.382052659145693,70.85214432722691,1011.2384500683067,399.3721935055397,25.12903863115305
2026-02-08T18:00:00,22.2394974252886,71.82659104711857,1012.770966266376,406.77591689004953,27.192681992255892
2026-02-08T19:00:00,23.405785123067734,70.47778717978612,1011.008943544937,394.7484331355915,27.697028488403536
2026-02-08T20:00:00,24.03778160932744,70.00182926727726,1011.7537212958036,396.33703705287087,40.562967239844234
2026-02-08T21:00:00,22.586108157465922,67.47528494633886,1010.9503196100364,414.71529622115094,34.72682990823224
2026-02-08T22:00:00,25.359645657083274,69.91392822314371,1013.839285993938,418.64094079029917,21.519367008726757
2026-02-08T23:00:00,26.143112548169082,69.1201097143801,1016.3393153339025,414.8779870125678,33.813579365077324
2026-02-09T00:00:00,26.04787331052516,71.82726620497071,1012.2651824713288,440.0438392052939,33.49433436227009
2026-02-09T01:00:00,28.509741829830602,66.98729591268695,1010.6880373284116,434.5541688439705,24.229380336030733
2026-02-09T02:00:00,28.92111163297594,63.24538773534108,1012.3444730057453,454.22740345984573,29.479400430089914
2026-02-09T03:00:00,30.748098487635268,65.30647189576898,1011.6916945828449,444.6147696929221,27.68396773791883
2026-02-09T04:00:00,30.96607638699003,65.50342171867503,1009.309167179848,468.1872704781881,28.162321464861648
2026-02-09T05:00:00,31.557183675183317,64.458102901836,1011.4780130164156,477.3987134345022,21.241340592408463
2026-02-09T06:00:00,29.81830258575343,69.7369514233701,1012.4807879636211,449.8595666603097,26.875722993637357
2026-02-09T07:00:00,29.459447028888015,69.76698423752717,1013.4112604659987,460.2680350239194,32.53557972479536
2026-02-09T08:00:00,29.823836055869613,66.65771975066033,1014.1714271953764,425.1915510948417,29.4442600759116
2026-02-09T09:00:00,30.351380434767172,65.52186489994405,1010.2288664414261,445.69092736509106,24.43256085111138
2026-02-09T10:00:00,29.253989630296708,65.1326226461575,1013.5288402721485,436.279953501184,23.91346046178573
2026-02-09T11:00:00,28.853249648263613,66.19592940748299,1013.0632312203569,420.9015512638906,32.82066004068189
2026-02-09T12:00:00,25.983479020847508,69.00708375105093,1011.5509059009603,420.84330658593245,27.60740147462537
2026-02-09T13:00:00,26.829309255647047,71.61444458571378,1011.5267155722449,419.2399381506434,23.018370314250777
2026-02-09T14:00:00,26.200582088678,66.50738726990632,1010.1801697181193,418.7577268123566,29.891394941286404
2026-02-09T15:00:00,25.237855619169093,73.75893500479097,1013.5076719797152,406.5604249966301,29.404044138715502
2026-02-09T16:00:00,23.410948100988,72.48013654506107,1013.9097818310236,415.75248723323085,23.558297002523076
2026-02-09T17:00:00,22.739980780038326,74.32139227834931,1010.9338263812788,404.8878215281053,43.33216982696576
2026-02-09T18:00:00,22.948246748041086,74.08826805504266,1015.6774223116417,414.0981020521785,30.52215636645617
2026-02-09T19:00:00,21.54027787315422,70.64990405557113,1013.2866294574858,412.95538466232665,34.54401566652812
2026-02-09T20:00:00,22.761794877122618,71.7894589050721,1007.8997817863526,397.75566201575896,32.76983554921283
2026-02-09T21:00:00,22.644001837210958,73.11821038717925,1015.6612871771638,395.0892820635555,30.547265132645833
2026-02-09T22:00:00,26.202930758344607,69.63892737526005,1012.794672104619,418.7900947464756,23.660031906567443
2026-02-09T23:00:00,25.868938701249842,71.47818158376951,1012.1739512127975,432.1898478160008,28.987744087171514
2026-02-10T00:00:00,26.38999218409957,67.62557068511859,1009.8939342043624,413.6522993455978,27.65830332928896
2026-02-10T01:00:00,27.875132982513755,65.4191047855228,1013.392138390259,425.2914353396209,27.89572397080273
2026-02-10T02:00:00,29.34886585087275,69.45282509089401,1012.684104437865,451.97508389384416,29.315816130826448
2026-02-10T03:00:00,28.843396403996866,68.23672813265519,1015.3587759394878,446.1863037281448,36.54081628960597
2026-02-10T04:00:00,31.11080486023859,68.71331733366986,1011.6376204922725,441.0345851655515,28.723231876865764
2026-02-10T05:00:00,30.355336847098982,65.71264219400085,1011.5167269999456,456.12228805416606,26.03866792051994
2026-02-10T06:00:00,30.31802222480201,64.28676991739653,1014.5382501375656,454.23796182491606,20.037433737265978
2026-02-10T07:00:00,29.451941626989118,65.39359594817078,1012.5575987122234,439.9855239698349,19.02622018563121
2026-02-10T08:00:00,30.856673822203362,71.30288701404275,1013.7439938349028,439.6913107266655,29.841396978373318
2026-02-10T09:00:00,29.74523415118177,63.26026126521234,1009.1917044894661,445.9644663602966,27.842836610508858
2026-02-10T10:00:00,29.177014594938555,64.89179221406363,1013.0188385905379,448.75510308482825,21.89353962030663
2026-02-10T11:00:00,27.182797369440713,69.1441154665285,1014.2724373552743,441.335417310812,33.51780380337122
2026-02-10T12:00:00,28.026896907724375,64.12178736987502,1012.9572474885674,445.7915511349732,29.819557682647186
2026-02-10T13:00:00,26.963777817402974,66.85381935703096,1013.3634594881296,432.8448945663702,24.804989760707265
2026-02-10T14:00:00,25.133478254259867,66.82978390123189,1010.3023186917947,421.4308359653807,31.386511353581206
2026-02-10T15:00:00,24.171017608790887,73.33139472138,1014.9786483871626,400.52835957536325,31.326468826305234
2026-02-10T16:00:00,23.18348416788796,72.69971693633211,1013.4363057444373,398.82487596536686,34.98614798612128
2026-02-10T17:00:00,22.21183240108667,74.18623179346677,1007.1216556500165,403.7024348373227,29.498681749557882
2026-02-10T18:00:00,23.473150163784904,71.32658000942946,1007.6169377685093,388.8551403557516,27.980009855619272
2026-02-10T19:00:00,23.964940772089847,73.69057328917042,1013.3640131756969,422.92725313453724,28.97097049217587
2026-02-10T20:00:00,23.82752246967528,70.79194470116465,1009.8403802235191,404.14466010090007,28.526968063409107
2026-02-10T21:00:00,24.490833571774992,70.99811872238624,1010.9031237033795,405.9398088815308,22.49617975269703
2026-02-10T22:00:00,25.353719836681325,69.11020201595193,1011.9420190668108,424.04965973678,26.79564655241342
2026-02-10T23:00:00,25.290042102937644,68.1638766642857,1011.3126742708663,426.14116649232426,25.691350245318688
2026-02-11T00:00:00,26.691465717886626,65.58764737037559,1011.1848253796355,409.0353047819759,23.668279087179986
2026-02-11T01:00:00,28.413251219927005,67.21219597659797,1011.6876139484394,433.77572856098516,31.04965672429148
2026-02-11T02:00:00,28.17509790747053,67.94440712443304,1010.5670680611499,445.83887672055823,27.352729224734997
2026-02-11T03:00:00,29.44816850529145,66.66609014111805,1010.707563641253,433.12242902527964,25.134184823216906
2026-02-11T04:00:00,29.5858106997232,66.221685557161,1010.7841976854048,436.4841210471892,28.212310173477874
2026-02-11T05:00:00,31.14497038983414,64.31495579460915,1011.4154439211707,465.1076879693599,24.335798291752806
2026-02-11T06:00:00,31.180645923003404,62.385497976259664,1013.1151715412049,453.28473368734984,26.142798572346745
2026-02-11T07:00:00,30.672517580045515,63.55604039836656,1009.595978388123,451.67248191961323,23.051635746950552
2026-02-11T08:00:00,29.556060954358415,68.456945617004,1014.0512561078524,427.23512035865383,19.763938141797333
2026-02-11T09:00:00,28.764703623871114,66.90130781274463,1017.3594169112672,433.4956348662159,25.961971114838356
2026-02-11T10:00:00,29.933040398478592,64.66291767832001,1014.2317544991615,453.70959393967877,25.54718904284563
2026-02-11T11:00:00,28.652719988463865,68.5496540821872,1009.194228300815,434.37537606050455,25.868263660955844
2026-02-11T12:00:00,27.020755748444763,65.55597234921959,1010.0070801893636,430.66930451035813,26.25993852811184
2026-02-11T13:00:00,26.93463186389143,68.47313785355774,1014.8647002802238,439.25383354392824,32.88258417231567
2026-02-11T14:00:00,22.525621605834587,70.03351808576153,1012.9269095800402,401.6217843381161,27.31191887307814
2026-02-11T15:00:00,24.639577894748324,69.98341261783945,1011.3022517410012,433.1119456612336,27.699937382020934
